관광지명,관광지유형,소재지도로명주소,소재지지번주소,위도,경도,text
금호제주리조트 아쿠아나,워터파크,제주특별자치도 서귀포시 남원읍 태위로 522-12,제주특별자치도 서귀포시 남원읍 남원리 2390,33.27264281,126.7014326,"금호제주리조트 아쿠아나는 워터파크입니다. 주소는 제주특별자치도 서귀포시 남원읍 남원리 2390이며, 위도는 33.27264281이고, 경도는 126.7014326입니다."
큰엉해안경승지,자연명소,제주특별자치도 서귀포시 남원읍 태위로 522-17,제주특별자치도 서귀포시 남원읍 남원리 2379-3,33.27334251,126.7037085,"큰엉해안경승지는 자연명소입니다. 주소는 제주특별자치도 서귀포시 남원읍 남원리 2379-3이며, 위도는 33.27334251이고, 경도는 126.7037085입니다."
코코몽 에코파크,테마파크,제주특별자치도 서귀포시 남원읍 태위로 536,제주특별자치도 서귀포시 남원읍 남원리 2380 ,33.27455804,126.7058511,"코코몽 에코파크는 테마파크입니다. 주소는 제주특별자치도 서귀포시 남원읍 남원리 2380 이며, 위도는 33.27455804이고, 경도는 126.7058511입니다."
마흐니 숲길,숲길,,제주특별자치도 서귀포시 남원읍 수망리 산203,33.37944666,126.6551931,"마흐니 숲길는 숲길입니다. 주소는 제주특별자치도 서귀포시 남원읍 수망리 산203이며, 위도는 33.37944666이고, 경도는 126.6551931입니다."
물영아리오름,오름,,제주특별자치도 서귀포시 남원읍 수망리 산 189,33.3708091,126.6935196,"물영아리오름는 오름입니다. 주소는 제주특별자치도 서귀포시 남원읍 수망리 산 189이며, 위도는 33.3708091이고, 경도는 126.6935196입니다."
양금석가옥,문화재,제주특별자치도 서귀포시 남원읍 신례로298번길 3-6,제주특별자치도 서귀포시 남원읍 신례1리 1314,33.29131729,126.6284804,"양금석가옥는 문화재입니다. 주소는 제주특별자치도 서귀포시 남원읍 신례1리 1314이며, 위도는 33.29131729이고, 경도는 126.6284804입니다."
동백포레스트,식물원+수목원,제주특별자치도 서귀포시 남원읍 생기악로 53-38,제주특별자치도 서귀포시 남원읍 신례리 1767,33.30030681,126.6361998,"동백포레스트는 식물원+수목원입니다. 주소는 제주특별자치도 서귀포시 남원읍 신례리 1767이며, 위도는 33.30030681이고, 경도는 126.6361998입니다."
이승이오름(이승악),오름,,제주특별자치도 서귀포시 남원읍 신례리 산 2-4,33.34014394,126.6222444,"이승이오름(이승악)는 오름입니다. 주소는 제주특별자치도 서귀포시 남원읍 신례리 산 2-4이며, 위도는 33.34014394이고, 경도는 126.6222444입니다."
사라오름,오름,,제주특별자치도 서귀포시 남원읍 신례리 산 2-1,33.37192793,126.5708337,"사라오름는 오름입니다. 주소는 제주특별자치도 서귀포시 남원읍 신례리 산 2-1이며, 위도는 33.37192793이고, 경도는 126.5708337입니다."
휴애리 자연생활공원,자연공원,제주특별자치도 서귀포시 남원읍 신례동로 256,제주특별자치도 서귀포시 남원읍 신례리 2081,33.3093861,126.635405,"휴애리 자연생활공원는 자연공원입니다. 주소는 제주특별자치도 서귀포시 남원읍 신례리 2081이며, 위도는 33.3093861이고, 경도는 126.635405입니다."
제주 신례리 왕벚나무 자생지,천연기념물,,제주특별자치도 서귀포시 남원읍 신례리 산 2-1,33.33820947,126.6096904,"제주 신례리 왕벚나무 자생지는 천연기념물입니다. 주소는 제주특별자치도 서귀포시 남원읍 신례리 산 2-1이며, 위도는 33.33820947이고, 경도는 126.6096904입니다."
공천포구,포구,,제주특별자치도 서귀포시 남원읍 신례리 72-18,33.26338571,126.6418425,"공천포구는 포구입니다. 주소는 제주특별자치도 서귀포시 남원읍 신례리 72-18이며, 위도는 33.26338571이고, 경도는 126.6418425입니다."
예절이오름(여절악),오름,,제주특별자치도 서귀포시 남원읍 신흥리 산 18,33.34893211,126.7364605,"예절이오름(여절악)는 오름입니다. 주소는 제주특별자치도 서귀포시 남원읍 신흥리 산 18이며, 위도는 33.34893211이고, 경도는 126.7364605입니다."
스프링데일CC,골프장,제주특별자치도 서귀포시 남원읍 서성로 459번지,제주특별자치도 서귀포시 남원읍 위미리 4625,33.32935251,126.6384742,"스프링데일CC는 골프장입니다. 주소는 제주특별자치도 서귀포시 남원읍 위미리 4625이며, 위도는 33.32935251이고, 경도는 126.6384742입니다."
이음새,체험,,제주특별자치도 서귀포시 남원읍 위미리 4137-1,33.27578785,126.651431,"이음새는 체험입니다. 주소는 제주특별자치도 서귀포시 남원읍 위미리 4137-1이며, 위도는 33.27578785이고, 경도는 126.651431입니다."
위미동백나무군락,기념물,제주특별자치도 서귀포시 위미중앙로300번길 23-7,제주특별자치도 서귀포시 남원읍 위미리 903-1,33.27292969,126.6747236,"위미동백나무군락는 기념물입니다. 주소는 제주특별자치도 서귀포시 남원읍 위미리 903-1이며, 위도는 33.27292969이고, 경도는 126.6747236입니다."
"자배봉(자배오름, 망오름)",오름,,제주특별자치도 서귀포시 남원읍 위미리 산 132-2,33.30098962,126.6769199,"자배봉(자배오름, 망오름)는 오름입니다. 주소는 제주특별자치도 서귀포시 남원읍 위미리 산 132-2이며, 위도는 33.30098962이고, 경도는 126.6769199입니다."
태웃개,체험,제주특별자치도 서귀포시 남원읍 태위로398번길 68,제주특별자치도 서귀포시 남원읍 위미리 69,33.27038829,126.6911068,"태웃개는 체험입니다. 주소는 제주특별자치도 서귀포시 남원읍 위미리 69이며, 위도는 33.27038829이고, 경도는 126.6911068입니다."
의귀리 김만일묘역,문화재,,제주특별자치도 서귀포시 남원읍 의귀리 1773,33.32216083,126.709273,"의귀리 김만일묘역는 문화재입니다. 주소는 제주특별자치도 서귀포시 남원읍 의귀리 1773이며, 위도는 33.32216083이고, 경도는 126.709273입니다."
옥돔마을,관광,제주특별자치도 서귀포시 남원읍 남태해안로 508,제주특별자치도 서귀포시 남원읍 태흥리 364-4,33.2870209,126.7501733,"옥돔마을는 관광입니다. 주소는 제주특별자치도 서귀포시 남원읍 태흥리 364-4이며, 위도는 33.2870209이고, 경도는 126.7501733입니다."
걸서악오름,오름,제주특별자치도 서귀포시 남원읍 하례로 393,제주특별자치도 서귀포시 남원읍 하례리 산 124번지,33.28228456,126.6200543,"걸서악오름는 오름입니다. 주소는 제주특별자치도 서귀포시 남원읍 하례리 산 124번지이며, 위도는 33.28228456이고, 경도는 126.6200543입니다."
제주농업생태원,체험,제주특별자치도 서귀포시 남원읍 중산간동로 7413,제주특별자치도 서귀포시 남원읍 하례리 1558,33.28862074,126.609863,"제주농업생태원는 체험입니다. 주소는 제주특별자치도 서귀포시 남원읍 하례리 1558이며, 위도는 33.28862074이고, 경도는 126.609863입니다."
효명사,사찰,제주특별자치도 서귀포시 남원읍 516로 815-41,제주특별자치도 서귀포시 남원읍 하례리 산 45,33.32328748,126.5941628,"효명사는 사찰입니다. 주소는 제주특별자치도 서귀포시 남원읍 하례리 산 45이며, 위도는 33.32328748이고, 경도는 126.5941628입니다."
고살리숲길,숲길,,제주특별자치도 서귀포시 남원읍 하례리 산 54-2,33.31714129,126.5985137,"고살리숲길는 숲길입니다. 주소는 제주특별자치도 서귀포시 남원읍 하례리 산 54-2이며, 위도는 33.31714129이고, 경도는 126.5985137입니다."
수악,오름,제주특별자치도 서귀포시 남원읍 516로 1042,제주특별자치도 서귀포시 남원읍 하례리 산 10,33.3246324,126.6093992,"수악는 오름입니다. 주소는 제주특별자치도 서귀포시 남원읍 하례리 산 10이며, 위도는 33.3246324이고, 경도는 126.6093992입니다."
머체왓숲길,숲길,제주특별자치도 서귀포시 남원읍 서성로 755,제주특별자치도 서귀포시 남원읍 한남리 1622-3,33.3305303,126.673919,"머체왓숲길는 숲길입니다. 주소는 제주특별자치도 서귀포시 남원읍 한남리 1622-3이며, 위도는 33.3305303이고, 경도는 126.673919입니다."
사려니오름,오름,,제주특별자치도 서귀포시 남원읍 한남리 산 2-1,33.34008502,126.6458498,"사려니오름는 오름입니다. 주소는 제주특별자치도 서귀포시 남원읍 한남리 산 2-1이며, 위도는 33.34008502이고, 경도는 126.6458498입니다."
가파도,섬,,제주특별자치도 서귀포시 대정읍 가파리 276,33.1700117,126.2714146,"가파도는 섬입니다. 주소는 제주특별자치도 서귀포시 대정읍 가파리 276이며, 위도는 33.1700117이고, 경도는 126.2714146입니다."
노리매,테마파크,제주특별자치도 서귀포시 대정읍 중산간서로 2260-15,제주특별자치도 서귀포시 대정읍 구억리 654-1,33.28309895,126.2873486,"노리매는 테마파크입니다. 주소는 제주특별자치도 서귀포시 대정읍 구억리 654-1이며, 위도는 33.28309895이고, 경도는 126.2873486입니다."
대한민국최남단비,기념물,제주특별자치도 서귀포시 대정읍 마라로 131,제주특별자치도 서귀포시 대정읍 가파리 583-9,33.11377176,126.2685579,"대한민국최남단비는 기념물입니다. 주소는 제주특별자치도 서귀포시 대정읍 가파리 583-9이며, 위도는 33.11377176이고, 경도는 126.2685579입니다."
마라도 등대,등대,제주특별자치도 서귀포시 대정읍 마라로 165,제주특별자치도 서귀포시 대정읍 가파리 639,33.11664905,126.2695118,"마라도 등대는 등대입니다. 주소는 제주특별자치도 서귀포시 대정읍 가파리 639이며, 위도는 33.11664905이고, 경도는 126.2695118입니다."
초콜렛캐슬,박물관,제주특별자치도 서귀포시 대정읍 마라로 113,제주특별자치도 서귀포시 대정읍 가파리 685,33.11392085,126.2672697,"초콜렛캐슬는 박물관입니다. 주소는 제주특별자치도 서귀포시 대정읍 가파리 685이며, 위도는 33.11392085이고, 경도는 126.2672697입니다."
마라도,섬,,제주특별자치도 서귀포시 대정읍 가파리 600,33.11848589,126.2671688,"마라도는 섬입니다. 주소는 제주특별자치도 서귀포시 대정읍 가파리 600이며, 위도는 33.11848589이고, 경도는 126.2671688입니다."
가파초등학교 마라분교장,포토스팟,제주특별자치도 서귀포시 대정읍 마라로 58,제주특별자치도 서귀포시 대정읍 가파리 696,33.11924732,126.2667098,"가파초등학교 마라분교장는 포토스팟입니다. 주소는 제주특별자치도 서귀포시 대정읍 가파리 696이며, 위도는 33.11924732이고, 경도는 126.2667098입니다."
무릉곶자왈,숲,,제주특별자치도 서귀포시 대정읍 무릉리 산 1,33.29155108,126.2625449,"무릉곶자왈는 숲입니다. 주소는 제주특별자치도 서귀포시 대정읍 무릉리 산 1이며, 위도는 33.29155108이고, 경도는 126.2625449입니다."
엉클리틀,관광농원,제주특별자치도 서귀포시 대정읍 보성상로 88,제주특별자치도 서귀포시 대정읍 보성리 989,33.25599076,126.2646735,"엉클리틀는 관광농원입니다. 주소는 제주특별자치도 서귀포시 대정읍 보성리 989이며, 위도는 33.25599076이고, 경도는 126.2646735입니다."
제주곶자왈도립공원,도립공원,제주특별자치도 서귀포시 대정읍 에듀시티로 178,제주특별자치도 서귀포시 대정읍 보성리 산1,33.28319972,126.2736047,"제주곶자왈도립공원는 도립공원입니다. 주소는 제주특별자치도 서귀포시 대정읍 보성리 산1이며, 위도는 33.28319972이고, 경도는 126.2736047입니다."
발자국화석공원,자연명소,제주특별자치도 서귀포시 대정읍 형제해안로 192,제주특별자치도 서귀포시 대정읍 상모리 626-1,33.21735034,126.2931434,"발자국화석공원는 자연명소입니다. 주소는 제주특별자치도 서귀포시 대정읍 상모리 626-1이며, 위도는 33.21735034이고, 경도는 126.2931434입니다."
송악산진지동굴,동굴,,제주특별자치도 서귀포시 대정읍 상모리 194-2,33.20333105,126.2917117,"송악산진지동굴는 동굴입니다. 주소는 제주특별자치도 서귀포시 대정읍 상모리 194-2이며, 위도는 33.20333105이고, 경도는 126.2917117입니다."
송악카트체험장,레포츠시설,제주특별자치도 서귀포시 대정읍 송악관광로 404,제주특별자치도 서귀포시 대정읍 상모리 139,33.20850906,126.2894204,"송악카트체험장는 레포츠시설입니다. 주소는 제주특별자치도 서귀포시 대정읍 상모리 139이며, 위도는 33.20850906이고, 경도는 126.2894204입니다."
알뜨르비행장,문화유적지,,제주특별자치도 서귀포시 대정읍 상모리 1670,33.20471796,126.2715241,"알뜨르비행장는 문화유적지입니다. 주소는 제주특별자치도 서귀포시 대정읍 상모리 1670이며, 위도는 33.20471796이고, 경도는 126.2715241입니다."
섯알오름 ,오름 ,,제주특별자치도 서귀포시 대정읍 상모리 1593-2,33.20647842,126.2812239,"섯알오름 는 오름 입니다. 주소는 제주특별자치도 서귀포시 대정읍 상모리 1593-2이며, 위도는 33.20647842이고, 경도는 126.2812239입니다."
송악산 전망대,전망대 ,,제주특별자치도 서귀포시 대정읍 상모리 산 2-13,33.19848191,126.2939734,"송악산 전망대는 전망대 입니다. 주소는 제주특별자치도 서귀포시 대정읍 상모리 산 2-13이며, 위도는 33.19848191이고, 경도는 126.2939734입니다."
제주 추사관,유적지,제주특별자치도 서귀포시 대정읍 추사로 44,제주특별자치도 서귀포시 대정읍 안성리 1661-1,33.24997529,126.2782283,"제주 추사관는 유적지입니다. 주소는 제주특별자치도 서귀포시 대정읍 안성리 1661-1이며, 위도는 33.24997529이고, 경도는 126.2782283입니다."
제주도예촌,관람,제주특별자치도 서귀포시 대정읍 암반수마농로 433,제주특별자치도 서귀포시 대정읍 영락리 6,33.26490673,126.2355517,"제주도예촌는 관람입니다. 주소는 제주특별자치도 서귀포시 대정읍 영락리 6이며, 위도는 33.26490673이고, 경도는 126.2355517입니다."
초콜릿박물관,박물관,제주특별자치도 서귀포시 대정읍 일주서로3000번길 144,제주특별자치도 서귀포시 대정읍 일과리 551-18,33.25703747,126.2299943,"초콜릿박물관는 박물관입니다. 주소는 제주특별자치도 서귀포시 대정읍 일과리 551-18이며, 위도는 33.25703747이고, 경도는 126.2299943입니다."
하모해변,해변,,제주특별자치도 서귀포시 대정읍 하모리 279,33.21129293,126.2608081,"하모해변는 해변입니다. 주소는 제주특별자치도 서귀포시 대정읍 하모리 279이며, 위도는 33.21129293이고, 경도는 126.2608081입니다."
제주커피박물관 Baum,박물관,제주특별자치도 서귀포시 성산읍 서성일로1168번길 89-17,제주특별자치도 서귀포시 성산읍 고성리 2040-1,33.43987825,126.8992088,"제주커피박물관 Baum는 박물관입니다. 주소는 제주특별자치도 서귀포시 성산읍 고성리 2040-1이며, 위도는 33.43987825이고, 경도는 126.8992088입니다."
대수산봉,오름,,제주특별자치도 서귀포시 성산읍 고성리 2039-1,33.43967057,126.9016368,"대수산봉는 오름입니다. 주소는 제주특별자치도 서귀포시 성산읍 고성리 2039-1이며, 위도는 33.43967057이고, 경도는 126.9016368입니다."
빛의벙커,전시관,제주특별자치도 서귀포시 성산읍 서성일로1168번지 89-17,제주특별자치도 서귀포시 성산읍 고성리 2039-22,33.43964883,126.8998166,"빛의벙커는 전시관입니다. 주소는 제주특별자치도 서귀포시 성산읍 고성리 2039-22이며, 위도는 33.43964883이고, 경도는 126.8998166입니다."
쿠지홀리데이팜,관광농원,제주특별자치도 서귀포시 성산읍 난산로 50,제주특별자치도 서귀포시 성산읍 난산리 1097,33.40218696,126.8708197,"쿠지홀리데이팜는 관광농원입니다. 주소는 제주특별자치도 서귀포시 성산읍 난산리 1097이며, 위도는 33.40218696이고, 경도는 126.8708197입니다."
아일랜드플라워,농장카페,제주특별자치도 서귀포시 성산읍 서성일로 602,제주특별자치도 서귀포시 성산읍 난산리 2236,33.42432256,126.8496372,"아일랜드플라워는 농장카페입니다. 주소는 제주특별자치도 서귀포시 성산읍 난산리 2236이며, 위도는 33.42432256이고, 경도는 126.8496372입니다."
모구리오름,오름,제주특별자치도 서귀포시 성산읍 서성일로 260,제주특별자치도 서귀포시 성산읍 난산리 2960-1,33.40901972,126.8286384,"모구리오름는 오름입니다. 주소는 제주특별자치도 서귀포시 성산읍 난산리 2960-1이며, 위도는 33.40901972이고, 경도는 126.8286384입니다."
유건에오름,오름,,제주특별자치도 서귀포시 성산읍 난산리 2302,33.41322123,126.8458048,"유건에오름는 오름입니다. 주소는 제주특별자치도 서귀포시 성산읍 난산리 2302이며, 위도는 33.41322123이고, 경도는 126.8458048입니다."
베니스랜드,테마파크,제주특별자치도 서귀포시 성산읍 서성일로 474,제주특별자치도 서귀포시 성산읍 난산리 2570,33.41527273,126.8407105,"베니스랜드는 테마파크입니다. 주소는 제주특별자치도 서귀포시 성산읍 난산리 2570이며, 위도는 33.41527273이고, 경도는 126.8407105입니다."
김영갑갤러리두모악,갤러리,제주특별자치도 서귀포시 성산읍 삼달로 137,제주특별자치도 서귀포시 성산읍 삼달리 437-5,33.37189885,126.854144,"김영갑갤러리두모악는 갤러리입니다. 주소는 제주특별자치도 서귀포시 성산읍 삼달리 437-5이며, 위도는 33.37189885이고, 경도는 126.854144입니다."
고흐의정원,관람,제주특별자치도 서귀포시 성산읍 삼달신풍로 126-5,제주특별자치도 서귀포시 성산읍 삼달리 1185-2,33.37335804,126.8437071,"고흐의정원는 관람입니다. 주소는 제주특별자치도 서귀포시 성산읍 삼달리 1185-2이며, 위도는 33.37335804이고, 경도는 126.8437071입니다."
블루마운틴4255,복합문화공간,제주특별자치도 서귀포시 성산읍 중산간동로 4255,제주특별자치도 서귀포시 성산읍 삼달리 1510-1,33.38006916,126.8373142,"블루마운틴4255는 복합문화공간입니다. 주소는 제주특별자치도 서귀포시 성산읍 삼달리 1510-1이며, 위도는 33.38006916이고, 경도는 126.8373142입니다."
미천굴,동굴,제주특별자치도 서귀포시 성산읍 중산간동로 4150-30 일출랜드,제주특별자치도 서귀포시 성산읍 삼달리 1010,33.38344811,126.84266,"미천굴는 동굴입니다. 주소는 제주특별자치도 서귀포시 성산읍 삼달리 1010이며, 위도는 33.38344811이고, 경도는 126.84266입니다."
일출랜드,테마파크,제주특별자치도 서귀포시 성산읍 중산간동로 4150-30,제주특별자치도 서귀포시 성산읍 삼달리 1010,33.38342648,126.8415988,"일출랜드는 테마파크입니다. 주소는 제주특별자치도 서귀포시 성산읍 삼달리 1010이며, 위도는 33.38342648이고, 경도는 126.8415988입니다."
성산일출봉,봉우리,제주특별자치도 서귀포시 성산읍 일출로 284-12,제주특별자치도 서귀포시 성산읍 성산리 114,33.45911604,126.9405375,"성산일출봉는 봉우리입니다. 주소는 제주특별자치도 서귀포시 성산읍 성산리 114이며, 위도는 33.45911604이고, 경도는 126.9405375입니다."
성산포항,자연명소,제주특별자치도 서귀포시 성산읍 성산등용로 112-7,제주특별자치도 서귀포시 성산읍 성산리 347-9,33.47343666,126.9332874,"성산포항는 자연명소입니다. 주소는 제주특별자치도 서귀포시 성산읍 성산리 347-9이며, 위도는 33.47343666이고, 경도는 126.9332874입니다."
대왕산,산,,제주특별자치도 서귀포시 성산읍 수산리 1429,33.45612141,126.8729152,"대왕산는 산입니다. 주소는 제주특별자치도 서귀포시 성산읍 수산리 1429이며, 위도는 33.45612141이고, 경도는 126.8729152입니다."
통오름,오름,,제주특별자치도 서귀포시 성산읍 신산리 1754-1,33.39303937,126.8558848,"통오름는 오름입니다. 주소는 제주특별자치도 서귀포시 성산읍 신산리 1754-1이며, 위도는 33.39303937이고, 경도는 126.8558848입니다."
쇠와꽃승마장,승마장,제주특별자치도 서귀포시 성산읍 섭지코지로25번길 88-17,제주특별자치도 서귀포시 성산읍 고성리 354-1,33.44736091,126.91985,"쇠와꽃승마장는 승마장입니다. 주소는 제주특별자치도 서귀포시 성산읍 고성리 354-1이며, 위도는 33.44736091이고, 경도는 126.91985입니다."
아쿠아플라넷 제주,아쿠아리움,제주특별자치도 서귀포시 성산읍 섭지코지로 95,제주특별자치도 서귀포시 성산읍 고성리 127-3,33.43287455,126.927681,"아쿠아플라넷 제주는 아쿠아리움입니다. 주소는 제주특별자치도 서귀포시 성산읍 고성리 127-3이며, 위도는 33.43287455이고, 경도는 126.927681입니다."
붉은오름,오름,제주특별자치도 서귀포시 성산읍 섭지코지로 261,제주특별자치도 서귀포시 성산읍 고성리 57,33.42742537,126.9336425,"붉은오름는 오름입니다. 주소는 제주특별자치도 서귀포시 성산읍 고성리 57이며, 위도는 33.42742537이고, 경도는 126.9336425입니다."
소수산봉,오름,,제주특별자치도 서귀포시 성산읍 고성리 887,33.43675277,126.9122111,"소수산봉는 오름입니다. 주소는 제주특별자치도 서귀포시 성산읍 고성리 887이며, 위도는 33.43675277이고, 경도는 126.9122111입니다."
섭지코지,자연명소,제주특별자치도 서귀포시 성산읍 섭지코지로 107,제주특별자치도 서귀포시 성산읍 고성리 87,33.42393671,126.9306049,"섭지코지는 자연명소입니다. 주소는 제주특별자치도 서귀포시 성산읍 고성리 87이며, 위도는 33.42393671이고, 경도는 126.9306049입니다."
광치기해변,해변,,제주특별자치도 서귀포시 성산읍 고성리 224-33,33.45231781,126.9238923,"광치기해변는 해변입니다. 주소는 제주특별자치도 서귀포시 성산읍 고성리 224-33이며, 위도는 33.45231781이고, 경도는 126.9238923입니다."
아비앙또정원,정원,제주특별자치도 서귀포시 성산읍 남산봉로 235-165,제주특별자치도 서귀포시 성산읍 신풍리 1411,33.36924046,126.8207755,"아비앙또정원는 정원입니다. 주소는 제주특별자치도 서귀포시 성산읍 신풍리 1411이며, 위도는 33.36924046이고, 경도는 126.8207755입니다."
식산봉,오름,,제주특별자치도 서귀포시 성산읍 오조리 313,33.46566816,126.9199326,"식산봉는 오름입니다. 주소는 제주특별자치도 서귀포시 성산읍 오조리 313이며, 위도는 33.46566816이고, 경도는 126.9199326입니다."
오조포구,포구,,제주특별자치도 서귀포시 성산읍 오조리,33.46323452,126.9210375,"오조포구는 포구입니다. 주소는 제주특별자치도 서귀포시 성산읍 오조리이며, 위도는 33.46323452이고, 경도는 126.9210375입니다."
혼인지마을,체험마을,제주특별자치도 서귀포시 성산읍 혼인지로 39-22 혼인지,제주특별자치도 서귀포시 성산읍 온평리 1693,33.41518977,126.8937838,"혼인지마을는 체험마을입니다. 주소는 제주특별자치도 서귀포시 성산읍 온평리 1693이며, 위도는 33.41518977이고, 경도는 126.8937838입니다."
안덕계곡,계곡,,제주특별자치도 서귀포시 안덕면 감산리 1946,33.2571804,126.352557,"안덕계곡는 계곡입니다. 주소는 제주특별자치도 서귀포시 안덕면 감산리 1946이며, 위도는 33.2571804이고, 경도는 126.352557입니다."
감귤체험농장 예래팜 본점,관람+체험,제주특별자치도 서귀포시 안덕면 일주서로 1513,제주특별자치도 서귀포시 안덕면 감산리 349,33.25866984,126.3541987,"감귤체험농장 예래팜 본점는 관람+체험입니다. 주소는 제주특별자치도 서귀포시 안덕면 감산리 349이며, 위도는 33.25866984이고, 경도는 126.3541987입니다."
월라봉 진지동굴(안덕면),동굴,,제주특별자치도 서귀포시 안덕면 감산리 1162,33.2447052,126.3488505,"월라봉 진지동굴(안덕면)는 동굴입니다. 주소는 제주특별자치도 서귀포시 안덕면 감산리 1162이며, 위도는 33.2447052이고, 경도는 126.3488505입니다."
건강과성박물관,박물관,제주특별자치도 서귀포시 안덕면 일주서로 1611,제주특별자치도 서귀포시 안덕면 감산리 1404,33.25490453,126.3466608,"건강과성박물관는 박물관입니다. 주소는 제주특별자치도 서귀포시 안덕면 감산리 1404이며, 위도는 33.25490453이고, 경도는 126.3466608입니다."
볼레낭길,숲,,제주특별자치도 서귀포시 안덕면 감산리 1049,33.23584661,126.3492461,"볼레낭길는 숲입니다. 주소는 제주특별자치도 서귀포시 안덕면 감산리 1049이며, 위도는 33.23584661이고, 경도는 126.3492461입니다."
월나봉(도래오름),오름,,제주특별자치도 서귀포시 안덕면 감산리 1144,33.24390832,126.3494815,"월나봉(도래오름)는 오름입니다. 주소는 제주특별자치도 서귀포시 안덕면 감산리 1144이며, 위도는 33.24390832이고, 경도는 126.3494815입니다."
창고천생태공원,자연+생태공원,,제주특별자치도 서귀포시 안덕면 감산리 1946,33.25643517,126.3548912,"창고천생태공원는 자연+생태공원입니다. 주소는 제주특별자치도 서귀포시 안덕면 감산리 1946이며, 위도는 33.25643517이고, 경도는 126.3548912입니다."
박수기정,지역명소,,제주특별자치도 서귀포시 안덕면 감산리 1008,33.2364413,126.359158,"박수기정는 지역명소입니다. 주소는 제주특별자치도 서귀포시 안덕면 감산리 1008이며, 위도는 33.2364413이고, 경도는 126.359158입니다."
왕이메오름,오름,,제주특별자치도 서귀포시 안덕면 광평리 산 79,33.34352428,126.3765718,"왕이메오름는 오름입니다. 주소는 제주특별자치도 서귀포시 안덕면 광평리 산 79이며, 위도는 33.34352428이고, 경도는 126.3765718입니다."
돔박이오름,오름,,제주특별자치도 서귀포시 안덕면 광평리 산 89,33.33947266,126.3643392,"돔박이오름는 오름입니다. 주소는 제주특별자치도 서귀포시 안덕면 광평리 산 89이며, 위도는 33.33947266이고, 경도는 126.3643392입니다."
군산,오름,,제주특별자치도 서귀포시 안덕면 창천리 산 3-1,33.25310206,126.3699606,"군산는 오름입니다. 주소는 제주특별자치도 서귀포시 안덕면 창천리 산 3-1이며, 위도는 33.25310206이고, 경도는 126.3699606입니다."
대평포구,항구,,제주특별자치도 서귀포시 안덕면 창천리 914-5,33.23718348,126.3619046,"대평포구는 항구입니다. 주소는 제주특별자치도 서귀포시 안덕면 창천리 914-5이며, 위도는 33.23718348이고, 경도는 126.3619046입니다."
은하감귤체험농장,과실재배,제주특별자치도 서귀포시 안덕면 덕수서로 250,제주특별자치도 서귀포시 안덕면 덕수리 1700,33.27249876,126.3045463,"은하감귤체험농장는 과실재배입니다. 주소는 제주특별자치도 서귀포시 안덕면 덕수리 1700이며, 위도는 33.27249876이고, 경도는 126.3045463입니다."
감귤밭미즈허팜,과실재배,제주특별자치도 서귀포시 안덕면 덕수동로 93,제주특별자치도 서귀포시 안덕면 덕수리 1115,33.26166515,126.3141515,"감귤밭미즈허팜는 과실재배입니다. 주소는 제주특별자치도 서귀포시 안덕면 덕수리 1115이며, 위도는 33.26166515이고, 경도는 126.3141515입니다."
미령이네,관광농원,제주특별자치도 서귀포시 안덕면 덕수서로 123,제주특별자치도 서귀포시 안덕면 덕수리 2107-8,33.26129007,126.3042515,"미령이네는 관광농원입니다. 주소는 제주특별자치도 서귀포시 안덕면 덕수리 2107-8이며, 위도는 33.26129007이고, 경도는 126.3042515입니다."
마노르블랑,식물원,제주특별자치도 서귀포시 안덕면 일주서로2100번길 46,제주특별자치도 서귀포시 안덕면 덕수리 2952,33.25481842,126.2949881,"마노르블랑는 식물원입니다. 주소는 제주특별자치도 서귀포시 안덕면 덕수리 2952이며, 위도는 33.25481842이고, 경도는 126.2949881입니다."
하영담아감귤농장,유기농산물,제주특별자치도 서귀포시 안덕면 덕수서로 45,제주특별자치도 서귀포시 안덕면 덕수리 2263-2,33.25428671,126.3046396,"하영담아감귤농장는 유기농산물입니다. 주소는 제주특별자치도 서귀포시 안덕면 덕수리 2263-2이며, 위도는 33.25428671이고, 경도는 126.3046396입니다."
루나폴,테마파크,제주특별자치도 서귀포시 안덕면 일주서로 1836,제주특별자치도 서귀포시 안덕면 덕수리 산 27,33.25413388,126.3222747,"루나폴는 테마파크입니다. 주소는 제주특별자치도 서귀포시 안덕면 덕수리 산 27이며, 위도는 33.25413388이고, 경도는 126.3222747입니다."
제주아트서커스,공연장,제주특별자치도 서귀포시 안덕면 동광로 214,제주특별자치도 서귀포시 안덕면 동광리 886,33.31437865,126.3448081,"제주아트서커스는 공연장입니다. 주소는 제주특별자치도 서귀포시 안덕면 동광리 886이며, 위도는 33.31437865이고, 경도는 126.3448081입니다."
무등이왓터,문화유적지,제주특별자치도 서귀포시 안덕면 신화역사로586번길 21-7,제주특별자치도 서귀포시 안덕면 동광리 233-1,33.30942864,126.3520825,"무등이왓터는 문화유적지입니다. 주소는 제주특별자치도 서귀포시 안덕면 동광리 233-1이며, 위도는 33.30942864이고, 경도는 126.3520825입니다."
삼밭구석,문화유적지,,제주특별자치도 서귀포시 안덕면 동광리 1396,33.30995135,126.3307772,"삼밭구석는 문화유적지입니다. 주소는 제주특별자치도 서귀포시 안덕면 동광리 1396이며, 위도는 33.30995135이고, 경도는 126.3307772입니다."
토이파크,박물관,제주특별자치도 서귀포시 안덕면 동광로 267-7,제주특별자치도 서귀포시 안덕면 동광리 383,33.31895498,126.3453645,"토이파크는 박물관입니다. 주소는 제주특별자치도 서귀포시 안덕면 동광리 383이며, 위도는 33.31895498이고, 경도는 126.3453645입니다."
조은승마장,승마장,제주특별자치도 서귀포시 안덕면 동광로 265-14,제주특별자치도 서귀포시 안덕면 동광리 897-2,33.3182399,126.3448302,"조은승마장는 승마장입니다. 주소는 제주특별자치도 서귀포시 안덕면 동광리 897-2이며, 위도는 33.3182399이고, 경도는 126.3448302입니다."
당오름,오름,,제주특별자치도 서귀포시 안덕면 동광리 산 68-1,33.33409324,126.3356543,"당오름는 오름입니다. 주소는 제주특별자치도 서귀포시 안덕면 동광리 산 68-1이며, 위도는 33.33409324이고, 경도는 126.3356543입니다."
원물오름,오름,,제주특별자치도 서귀포시 안덕면 동광리 산 41,33.32320578,126.3448844,"원물오름는 오름입니다. 주소는 제주특별자치도 서귀포시 안덕면 동광리 산 41이며, 위도는 33.32320578이고, 경도는 126.3448844입니다."
거린오름,오름,,제주특별자치도 서귀포시 안덕면 동광리 산 94,33.30313462,126.3319271,"거린오름는 오름입니다. 주소는 제주특별자치도 서귀포시 안덕면 동광리 산 94이며, 위도는 33.30313462이고, 경도는 126.3319271입니다."
밝은오름,오름,,제주특별자치도 서귀포시 안덕면 동광리 736,33.30126738,126.3414677,"밝은오름는 오름입니다. 주소는 제주특별자치도 서귀포시 안덕면 동광리 736이며, 위도는 33.30126738이고, 경도는 126.3414677입니다."
감낭오름,오름,,제주특별자치도 서귀포시 안덕면 동광리 산 41,33.32491736,126.3501824,"감낭오름는 오름입니다. 주소는 제주특별자치도 서귀포시 안덕면 동광리 산 41이며, 위도는 33.32491736이고, 경도는 126.3501824입니다."
북오름,오름,,제주특별자치도 서귀포시 안덕면 동광리 산 93,33.30627296,126.3320643,"북오름는 오름입니다. 주소는 제주특별자치도 서귀포시 안덕면 동광리 산 93이며, 위도는 33.30627296이고, 경도는 126.3320643입니다."
제주커피수목원,관광농원,,제주특별자치도 서귀포시 안덕면 사계리 3136,33.23855212,126.2872649,"제주커피수목원는 관광농원입니다. 주소는 제주특별자치도 서귀포시 안덕면 사계리 3136이며, 위도는 33.23855212이고, 경도는 126.2872649입니다."
대정향교,문화유적지,제주특별자치도 서귀포시 안덕면 향교로 165-17,제주특별자치도 서귀포시 안덕면 사계리 3126-1,33.23954804,126.2883834,"대정향교는 문화유적지입니다. 주소는 제주특별자치도 서귀포시 안덕면 사계리 3126-1이며, 위도는 33.23954804이고, 경도는 126.2883834입니다."
산방굴사,문화유적지,제주특별자치도 서귀포시 안덕면 산방로 218-12,제주특별자치도 서귀포시 안덕면 사계리 3693,33.2379626,126.3130893,"산방굴사는 문화유적지입니다. 주소는 제주특별자치도 서귀포시 안덕면 사계리 3693이며, 위도는 33.2379626이고, 경도는 126.3130893입니다."
형제섬,섬,,제주특별자치도 서귀포시 안덕면 사계리 산 44,33.21000356,126.3143429,"형제섬는 섬입니다. 주소는 제주특별자치도 서귀포시 안덕면 사계리 산 44이며, 위도는 33.21000356이고, 경도는 126.3143429입니다."
형제해안로전망대,전망대,제주특별자치도 서귀포시 안덕면 형제해안로 26,제주특별자치도 서귀포시 안덕면 사계리 2147-13,33.22784929,126.3038673,"형제해안로전망대는 전망대입니다. 주소는 제주특별자치도 서귀포시 안덕면 사계리 2147-13이며, 위도는 33.22784929이고, 경도는 126.3038673입니다."
용머리하멜상선전시관,전시관,제주특별자치도 서귀포시 안덕면 사계남로216번길 24-30,제주특별자치도 서귀포시 안덕면 사계리 116-7,33.23330914,126.3137051,"용머리하멜상선전시관는 전시관입니다. 주소는 제주특별자치도 서귀포시 안덕면 사계리 116-7이며, 위도는 33.23330914이고, 경도는 126.3137051입니다."
산방산 랜드,테마파크,,제주특별자치도 서귀포시 안덕면 사계리 117-2,33.23379167,126.311695,"산방산 랜드는 테마파크입니다. 주소는 제주특별자치도 서귀포시 안덕면 사계리 117-2이며, 위도는 33.23379167이고, 경도는 126.311695입니다."
용머리해안,해수욕장,,제주특별자치도 서귀포시 안덕면 사계리 112-3,33.23166941,126.3147424,"용머리해안는 해수욕장입니다. 주소는 제주특별자치도 서귀포시 안덕면 사계리 112-3이며, 위도는 33.23166941이고, 경도는 126.3147424입니다."
사계해변,해수욕장,,제주특별자치도 서귀포시 안덕면 사계리 2032-51,33.22867589,126.3086052,"사계해변는 해수욕장입니다. 주소는 제주특별자치도 서귀포시 안덕면 사계리 2032-51이며, 위도는 33.22867589이고, 경도는 126.3086052입니다."
파더스가든,관광농원,제주특별자치도 서귀포시 안덕면 병악로 44-33,제주특별자치도 서귀포시 안덕면 상창리 804,33.27994772,126.3657545,"파더스가든는 관광농원입니다. 주소는 제주특별자치도 서귀포시 안덕면 상창리 804이며, 위도는 33.27994772이고, 경도는 126.3657545입니다."
낭만농장 귤밭76번지,관광농원,제주특별자치도 서귀포시 안덕면 병악로 76,제주특별자치도 서귀포시 안덕면 상창리 906,33.28304844,126.3651497,"낭만농장 귤밭76번지는 관광농원입니다. 주소는 제주특별자치도 서귀포시 안덕면 상창리 906이며, 위도는 33.28304844이고, 경도는 126.3651497입니다."
로빈맘금귤따기,관광농원,제주특별자치도 서귀포시 안덕면 한창로 368,제주특별자치도 서귀포시 안덕면 상창리 1978,33.29239067,126.351473,"로빈맘금귤따기는 관광농원입니다. 주소는 제주특별자치도 서귀포시 안덕면 상창리 1978이며, 위도는 33.29239067이고, 경도는 126.351473입니다."
피규어뮤지엄제주,박물관,제주특별자치도 서귀포시 안덕면 한창로 243,제주특별자치도 서귀포시 안덕면 상창리 1875-8,33.2819835,126.3553138,"피규어뮤지엄제주는 박물관입니다. 주소는 제주특별자치도 서귀포시 안덕면 상창리 1875-8이며, 위도는 33.2819835이고, 경도는 126.3553138입니다."
세계자동차&피아노 박물관,박물관,제주특별자치도 서귀포시 안덕면 중산간서로 1610,제주특별자치도 서귀포시 안덕면 상창리 2065-4,33.28383328,126.3497557,"세계자동차&피아노 박물관는 박물관입니다. 주소는 제주특별자치도 서귀포시 안덕면 상창리 2065-4이며, 위도는 33.28383328이고, 경도는 126.3497557입니다."
카멜리아힐,식물원,제주특별자치도 서귀포시 안덕면 병악로 166,제주특별자치도 서귀포시 안덕면 상창리 271,33.28963464,126.3700054,"카멜리아힐는 식물원입니다. 주소는 제주특별자치도 서귀포시 안덕면 상창리 271이며, 위도는 33.28963464이고, 경도는 126.3700054입니다."
소병악오름,오름,,제주특별자치도 서귀포시 안덕면 상창리 산 2-1,33.30834791,126.3743069,"소병악오름는 오름입니다. 주소는 제주특별자치도 서귀포시 안덕면 상창리 산 2-1이며, 위도는 33.30834791이고, 경도는 126.3743069입니다."
대병악오름,오름,,제주특별자치도 서귀포시 안덕면 상창리 산 2-1,33.30625711,126.3682552,"대병악오름는 오름입니다. 주소는 제주특별자치도 서귀포시 안덕면 상창리 산 2-1이며, 위도는 33.30625711이고, 경도는 126.3682552입니다."
뽀로로 & 타요테마파크,테마파크,제주특별자치도 서귀포시 안덕면 병악로 269,제주특별자치도 서귀포시 안덕면 상창리 80,33.3004187,126.3708258,"뽀로로 & 타요테마파크는 테마파크입니다. 주소는 제주특별자치도 서귀포시 안덕면 상창리 80이며, 위도는 33.3004187이고, 경도는 126.3708258입니다."
헬로키티아일랜드,테마파크,제주특별자치도 서귀포시 안덕면 한창로 340,제주특별자치도 서귀포시 안덕면 상창리 1963-2,33.29014301,126.3520466,"헬로키티아일랜드는 테마파크입니다. 주소는 제주특별자치도 서귀포시 안덕면 상창리 1963-2이며, 위도는 33.29014301이고, 경도는 126.3520466입니다."
포도뮤지엄,미술관,제주특별자치도 서귀포시 안덕면 산록남로 788,제주특별자치도 서귀포시 안덕면 상천리 837,33.31927503,126.3859735,"포도뮤지엄는 미술관입니다. 주소는 제주특별자치도 서귀포시 안덕면 상천리 837이며, 위도는 33.31927503이고, 경도는 126.3859735입니다."
본태박물관,박물관,제주특별자치도 서귀포시 안덕면 산록남로762번길 69,제주특별자치도 서귀포시 안덕면 상천리 380,33.30377225,126.3924802,"본태박물관는 박물관입니다. 주소는 제주특별자치도 서귀포시 안덕면 상천리 380이며, 위도는 33.30377225이고, 경도는 126.3924802입니다."
수풍석 뮤지엄,박물관,제주특별자치도 서귀포시 안덕면 산록남로762번길 79,제주특별자치도 서귀포시 안덕면 상천리 796,33.29992277,126.3898026,"수풍석 뮤지엄는 박물관입니다. 주소는 제주특별자치도 서귀포시 안덕면 상천리 796이며, 위도는 33.29992277이고, 경도는 126.3898026입니다."
영아리,오름,,제주특별자치도 서귀포시 안덕면 상천리 산 19,33.33005226,126.3999625,"영아리는 오름입니다. 주소는 제주특별자치도 서귀포시 안덕면 상천리 산 19이며, 위도는 33.33005226이고, 경도는 126.3999625입니다."
아라고나이트 고온천,온천,제주특별자치도 서귀포시 안덕면 산록남로762번길 71 ,제주특별자치도 서귀포시 안덕면 상천리 380-7,33.30296708,126.3921502,"아라고나이트 고온천는 온천입니다. 주소는 제주특별자치도 서귀포시 안덕면 상천리 380-7이며, 위도는 33.30296708이고, 경도는 126.3921502입니다."
무민랜드제주,전시관,제주특별자치도 서귀포시 안덕면 병악로 420,제주특별자치도 서귀포시 안덕면 상천리 470-6,33.30651247,126.381831,"무민랜드제주는 전시관입니다. 주소는 제주특별자치도 서귀포시 안덕면 상천리 470-6이며, 위도는 33.30651247이고, 경도는 126.381831입니다."
신화역사공원,자연공원,,제주특별자치도 서귀포시 안덕면 서광리 산24-8,33.29894392,126.3173224,"신화역사공원는 자연공원입니다. 주소는 제주특별자치도 서귀포시 안덕면 서광리 산24-8이며, 위도는 33.29894392이고, 경도는 126.3173224입니다."
이상한나라의 앨리스,지역명소,제주특별자치도 서귀포시 안덕면 중산간서로 1881,제주특별자치도 서귀포시 안덕면 서광리 717-3,33.28897754,126.3216056,"이상한나라의 앨리스는 지역명소입니다. 주소는 제주특별자치도 서귀포시 안덕면 서광리 717-3이며, 위도는 33.28897754이고, 경도는 126.3216056입니다."
서광리123카페,카페,제주특별자치도 서귀포시 안덕면 중산간서로 1769 1층 101~102호,제주특별자치도 서귀포시 안덕면 서광리 122,33.28589606,126.3336473,"서광리123카페는 카페입니다. 주소는 제주특별자치도 서귀포시 안덕면 서광리 122이며, 위도는 33.28589606이고, 경도는 126.3336473입니다."
소인국테마파크,테마파크,제주특별자치도 서귀포시 안덕면 중산간서로 1878,제주특별자치도 서귀포시 안덕면 서광리 725,33.29056728,126.3225515,"소인국테마파크는 테마파크입니다. 주소는 제주특별자치도 서귀포시 안덕면 서광리 725이며, 위도는 33.29056728이고, 경도는 126.3225515입니다."
트로이테마농원,관광농원,제주특별자치도 서귀포시 안덕면 녹차분재로 56,제주특별자치도 서귀포시 안덕면 서광리 1412,33.29073601,126.302123,"트로이테마농원는 관광농원입니다. 주소는 제주특별자치도 서귀포시 안덕면 서광리 1412이며, 위도는 33.29073601이고, 경도는 126.302123입니다."
제주신화전설탐방로신나락만나락,관람+체험,제주특별자치도 서귀포시 안덕면 녹차분재로 218,제주특별자치도 서귀포시 안덕면 서광리 산39,33.30472285,126.2994374,"제주신화전설탐방로신나락만나락는 관람+체험입니다. 주소는 제주특별자치도 서귀포시 안덕면 서광리 산39이며, 위도는 33.30472285이고, 경도는 126.2994374입니다."
제주항공우주박물관,박물관,제주특별자치도 서귀포시 안덕면 녹차분재로 218 제주항공우주박물관,제주특별자치도 서귀포시 안덕면 서광리 산39,33.30419233,126.2996913,"제주항공우주박물관는 박물관입니다. 주소는 제주특별자치도 서귀포시 안덕면 서광리 산39이며, 위도는 33.30419233이고, 경도는 126.2996913입니다."
오설록티뮤지엄,박물관,제주특별자치도 서귀포시 안덕면 신화역사로 15,제주특별자치도 서귀포시 안덕면 서광리1235-1,33.30591733,126.2894877,"오설록티뮤지엄는 박물관입니다. 주소는 제주특별자치도 서귀포시 안덕면 서광리1235-1이며, 위도는 33.30591733이고, 경도는 126.2894877입니다."
신화워터파크,워터파크,제주특별자치도 서귀포시 안덕면 신화역사로304번길 98 신화테마파크,제주특별자치도 서귀포시 안덕면 서광리 산24,33.30595681,126.3153914,"신화워터파크는 워터파크입니다. 주소는 제주특별자치도 서귀포시 안덕면 서광리 산24이며, 위도는 33.30595681이고, 경도는 126.3153914입니다."
신화테마파크,테마파크,제주특별자치도 서귀포시 안덕면 신화역사로304번길 98 신화테마파크,제주특별자치도 서귀포시 안덕면 서광리 산35-16,33.30475706,126.31528,"신화테마파크는 테마파크입니다. 주소는 제주특별자치도 서귀포시 안덕면 서광리 산35-16이며, 위도는 33.30475706이고, 경도는 126.31528입니다."
신산오름,오름,,제주특별자치도 서귀포시 안덕면 창천리 328,33.26286001,126.3624799,"신산오름는 오름입니다. 주소는 제주특별자치도 서귀포시 안덕면 창천리 328이며, 위도는 33.26286001이고, 경도는 126.3624799입니다."
화순곶자왈생태탐방숲길,곶자왈,제주특별자치도 서귀포시 안덕면 화순서동로 151,제주특별자치도 서귀포시 안덕면 화순리 2045-5,33.2640498,126.3319324,"화순곶자왈생태탐방숲길는 곶자왈입니다. 주소는 제주특별자치도 서귀포시 안덕면 화순리 2045-5이며, 위도는 33.2640498이고, 경도는 126.3319324입니다."
화순금모래해변,해변,,제주특별자치도 서귀포시 안덕면 화순리 776-8,33.23998555,126.3335908,"화순금모래해변는 해변입니다. 주소는 제주특별자치도 서귀포시 안덕면 화순리 776-8이며, 위도는 33.23998555이고, 경도는 126.3335908입니다."
화순금모래해수욕장 담수풀장,해수욕장풀장,제주특별자치도 서귀포시 안덕면 화순해안로 66-13,제주특별자치도 서귀포시 안덕면 화순리 851-3,33.24102665,126.3314397,"화순금모래해수욕장 담수풀장는 해수욕장풀장입니다. 주소는 제주특별자치도 서귀포시 안덕면 화순리 851-3이며, 위도는 33.24102665이고, 경도는 126.3314397입니다."
갑선이오름,오름,,제주특별자치도 서귀포시 표선면 가시리 산 2,33.36085811,126.7816587,"갑선이오름는 오름입니다. 주소는 제주특별자치도 서귀포시 표선면 가시리 산 2이며, 위도는 33.36085811이고, 경도는 126.7816587입니다."
설오름,오름,,제주특별자치도 서귀포시 표선면 가시리 산1 ,33.3710606,126.7695443,"설오름는 오름입니다. 주소는 제주특별자치도 서귀포시 표선면 가시리 산1 이며, 위도는 33.3710606이고, 경도는 126.7695443입니다."
따라비오름,오름,,제주특별자치도 서귀포시 표선면 가시리 산62,33.38870473,126.7528573,"따라비오름는 오름입니다. 주소는 제주특별자치도 서귀포시 표선면 가시리 산62이며, 위도는 33.38870473이고, 경도는 126.7528573입니다."
대록산(큰사슴이오름),오름,,제주특별자치도 서귀포시 표선면 가시리 산68,33.39913515,126.7295424,"대록산(큰사슴이오름)는 오름입니다. 주소는 제주특별자치도 서귀포시 표선면 가시리 산68이며, 위도는 33.39913515이고, 경도는 126.7295424입니다."
가문이오름,오름,,제주특별자치도 서귀포시 표선면 가시리 산158-2,33.40213522,126.688208,"가문이오름는 오름입니다. 주소는 제주특별자치도 서귀포시 표선면 가시리 산158-2이며, 위도는 33.40213522이고, 경도는 126.688208입니다."
구두리오름,오름,,제주특별자치도 서귀포시 표선면 가시리 산158-2,33.40996192,126.6880403,"구두리오름는 오름입니다. 주소는 제주특별자치도 서귀포시 표선면 가시리 산158-2이며, 위도는 33.40996192이고, 경도는 126.6880403입니다."
마은이옆,오름,,제주특별자치도 서귀포시 표선면 가시리 산158,33.3917482,126.6642873,"마은이옆는 오름입니다. 주소는 제주특별자치도 서귀포시 표선면 가시리 산158이며, 위도는 33.3917482이고, 경도는 126.6642873입니다."
번널오름,오름,,제주특별자치도 서귀포시 표선면 가시리 산10,33.37432227,126.7458996,"번널오름는 오름입니다. 주소는 제주특별자치도 서귀포시 표선면 가시리 산10이며, 위도는 33.37432227이고, 경도는 126.7458996입니다."
병곳오름,오름,,제주특별자치도 서귀포시 표선면 가시리 산8,33.36703884,126.7483747,"병곳오름는 오름입니다. 주소는 제주특별자치도 서귀포시 표선면 가시리 산8이며, 위도는 33.36703884이고, 경도는 126.7483747입니다."
붉은오름,오름,,제주특별자치도 서귀포시 표선면 가시리 산158,33.39986358,126.6795307,"붉은오름는 오름입니다. 주소는 제주특별자치도 서귀포시 표선면 가시리 산158이며, 위도는 33.39986358이고, 경도는 126.6795307입니다."
소록산,오름,,제주특별자치도 서귀포시 표선면 가시리 산 87-1,33.40057859,126.7227834,"소록산는 오름입니다. 주소는 제주특별자치도 서귀포시 표선면 가시리 산 87-1이며, 위도는 33.40057859이고, 경도는 126.7227834입니다."
여문영아리,오름,,제주특별자치도 서귀포시 표선면 가시리 산145,33.38266068,126.6942341,"여문영아리는 오름입니다. 주소는 제주특별자치도 서귀포시 표선면 가시리 산145이며, 위도는 33.38266068이고, 경도는 126.6942341입니다."
쳇망오름,오름,,제주특별자치도 서귀포시 표선면 가시리 산158-2,33.39554247,126.6919412,"쳇망오름는 오름입니다. 주소는 제주특별자치도 서귀포시 표선면 가시리 산158-2이며, 위도는 33.39554247이고, 경도는 126.6919412입니다."
정석항공관,전시관,제주특별자치도 서귀포시 표선면 녹산로 554,제주특별자치도 서귀포시 표선면 가시리 3795-2,33.39414938,126.7224719,"정석항공관는 전시관입니다. 주소는 제주특별자치도 서귀포시 표선면 가시리 3795-2이며, 위도는 33.39414938이고, 경도는 126.7224719입니다."
조랑말체험공원,테마파크,제주특별자치도 서귀포시 표선면 녹산로 381-15,제주특별자치도 서귀포시 표선면 가시리 3149-33,33.38310427,126.7362876,"조랑말체험공원는 테마파크입니다. 주소는 제주특별자치도 서귀포시 표선면 가시리 3149-33이며, 위도는 33.38310427이고, 경도는 126.7362876입니다."
붉은오름자연휴양림,휴양림,제주특별자치도 서귀포시 표선면 남조로 1487-73,제주특별자치도 서귀포시 표선면 가시리산 158,33.40149368,126.6753607,"붉은오름자연휴양림는 휴양림입니다. 주소는 제주특별자치도 서귀포시 표선면 가시리산 158이며, 위도는 33.40149368이고, 경도는 126.6753607입니다."
장자오름,오름,,제주특별자치도 서귀포시 표선면 성읍리 2759-1,33.38891703,126.7756235,"장자오름는 오름입니다. 주소는 제주특별자치도 서귀포시 표선면 성읍리 2759-1이며, 위도는 33.38891703이고, 경도는 126.7756235입니다."
영주산,오름,,제주특별자치도 서귀포시 표선면 성읍리 산15,33.4045686,126.7962391,"영주산는 오름입니다. 주소는 제주특별자치도 서귀포시 표선면 성읍리 산15이며, 위도는 33.4045686이고, 경도는 126.7962391입니다."
성읍무형문화재전수관,전시관,제주특별자치도 서귀포시 표선면 성읍정의현로 19,제주특별자치도 서귀포시 표선면 성읍리 775-1,33.38450521,126.8003108,"성읍무형문화재전수관는 전시관입니다. 주소는 제주특별자치도 서귀포시 표선면 성읍리 775-1이며, 위도는 33.38450521이고, 경도는 126.8003108입니다."
성읍랜드,테마파크,제주특별자치도 서귀포시 표선면 번영로 2650,제주특별자치도 서귀포시 표선면 성읍리 2045-1,33.39858877,126.7869282,"성읍랜드는 테마파크입니다. 주소는 제주특별자치도 서귀포시 표선면 성읍리 2045-1이며, 위도는 33.39858877이고, 경도는 126.7869282입니다."
낙타트래킹,관람+체험,제주특별자치도 서귀포시 표선면 번영로 2564-21,제주특별자치도 서귀포시 표선면 성읍리 2684,33.40269688,126.7786275,"낙타트래킹는 관람+체험입니다. 주소는 제주특별자치도 서귀포시 표선면 성읍리 2684이며, 위도는 33.40269688이고, 경도는 126.7786275입니다."
모지오름,오름,,제주특별자치도 서귀포시 표선면 성읍리산 22,33.39360076,126.7681708,"모지오름는 오름입니다. 주소는 제주특별자치도 서귀포시 표선면 성읍리산 22이며, 위도는 33.39360076이고, 경도는 126.7681708입니다."
좌보미오름,오름,,제주특별자치도 서귀포시 표선면 성읍리 산6,33.43609462,126.8067847,"좌보미오름는 오름입니다. 주소는 제주특별자치도 서귀포시 표선면 성읍리 산6이며, 위도는 33.43609462이고, 경도는 126.8067847입니다."
백약이오름,오름,,제주특별자치도 서귀포시 표선면 성읍리 산1,33.43679951,126.7897733,"백약이오름는 오름입니다. 주소는 제주특별자치도 서귀포시 표선면 성읍리 산1이며, 위도는 33.43679951이고, 경도는 126.7897733입니다."
개오름,오름,제주특별자치도 서귀포시 표선면 성읍이리로57번길 162,제주특별자치도 서귀포시 표선면 성읍리 2974,33.42257873,126.7718543,"개오름는 오름입니다. 주소는 제주특별자치도 서귀포시 표선면 성읍리 2974이며, 위도는 33.42257873이고, 경도는 126.7718543입니다."
목장카페 드르쿰다,테마파크,제주특별자치도 서귀포시 표선면 번영로 2454,제주특별자치도 서귀포시 표선면 성읍리 2873,33.40946197,126.770346,"목장카페 드르쿰다는 테마파크입니다. 주소는 제주특별자치도 서귀포시 표선면 성읍리 2873이며, 위도는 33.40946197이고, 경도는 126.770346입니다."
다이다믹메이즈 제주,테마파크,제주특별자치도 서귀포시 표선면 번영로 2644,제주특별자치도 서귀포시 표선면 성읍리 2381,33.39913816,126.7852768,"다이다믹메이즈 제주는 테마파크입니다. 주소는 제주특별자치도 서귀포시 표선면 성읍리 2381이며, 위도는 33.39913816이고, 경도는 126.7852768입니다."
매오름,오름,,제주특별자치도 서귀포시 표선면 세화리 산 7,33.31763213,126.8136028,"매오름는 오름입니다. 주소는 제주특별자치도 서귀포시 표선면 세화리 산 7이며, 위도는 33.31763213이고, 경도는 126.8136028입니다."
토산봉,오름,,제주특별자치도 서귀포시 표선면 토산리 산 13,33.32200741,126.77427,"토산봉는 오름입니다. 주소는 제주특별자치도 서귀포시 표선면 토산리 산 13이며, 위도는 33.32200741이고, 경도는 126.77427입니다."
가세오름,오름,,제주특별자치도 서귀포시 표선면 토산리 산 5,33.33014595,126.7813272,"가세오름는 오름입니다. 주소는 제주특별자치도 서귀포시 표선면 토산리 산 5이며, 위도는 33.33014595이고, 경도는 126.7813272입니다."
알오름,오름,,제주특별자치도 서귀포시 표선면 토산리 산 11,33.32788094,126.7776999,"알오름는 오름입니다. 주소는 제주특별자치도 서귀포시 표선면 토산리 산 11이며, 위도는 33.32788094이고, 경도는 126.7776999입니다."
제주민속촌,민속촌,제주특별자치도 서귀포시 표선면 민속해안로 631-34,제주특별자치도 서귀포시 표선면 표선리 40-1,33.32237839,126.8423107,"제주민속촌는 민속촌입니다. 주소는 제주특별자치도 서귀포시 표선면 표선리 40-1이며, 위도는 33.32237839이고, 경도는 126.8423107입니다."
제주허브동산,식물원,제주특별자치도 서귀포시 표선면 돈오름로 170,제주특별자치도 서귀포시 표선면 표선리 2608,33.33039253,126.8151813,"제주허브동산는 식물원입니다. 주소는 제주특별자치도 서귀포시 표선면 표선리 2608이며, 위도는 33.33039253이고, 경도는 126.8151813입니다."
표선해수욕장,해변,,제주특별자치도 서귀포시 표선면 표선리,33.32749334,126.8374227,"표선해수욕장는 해변입니다. 주소는 제주특별자치도 서귀포시 표선면 표선리이며, 위도는 33.32749334이고, 경도는 126.8374227입니다."
세계술박물관,박물관,제주특별자치도 서귀포시 표선면 한마음초등로 431,제주특별자치도 서귀포시 표선면 하천리 1814-1,33.35396909,126.8175918,"세계술박물관는 박물관입니다. 주소는 제주특별자치도 서귀포시 표선면 하천리 1814-1이며, 위도는 33.35396909이고, 경도는 126.8175918입니다."
쇠소깍,계곡,제주특별자치도 서귀포시 쇠소깍로 104,제주특별자치도 서귀포시 하효동 990-1,33.25423312,126.6224481,"쇠소깍는 계곡입니다. 주소는 제주특별자치도 서귀포시 하효동 990-1이며, 위도는 33.25423312이고, 경도는 126.6224481입니다."
쇠소깍 해변,해변,,제주특별자치도 서귀포시 하효동 997-3,33.25132924,126.6229864,"쇠소깍 해변는 해변입니다. 주소는 제주특별자치도 서귀포시 하효동 997-3이며, 위도는 33.25132924이고, 경도는 126.6229864입니다."
서귀포 치유의숲,숲,제주특별자치도 서귀포시 산록남로 2271,제주특별자치도 서귀포시 호근동 산 4,33.29192486,126.5278876,"서귀포 치유의숲는 숲입니다. 주소는 제주특별자치도 서귀포시 호근동 산 4이며, 위도는 33.29192486이고, 경도는 126.5278876입니다."
각시바우오름,오름,,제주특별자치도 서귀포시 호근동 2112,33.27674835,126.5261284,"각시바우오름는 오름입니다. 주소는 제주특별자치도 서귀포시 호근동 2112이며, 위도는 33.27674835이고, 경도는 126.5261284입니다."
돔베낭골,자연명소,,제주특별자치도 서귀포시 호근동,33.23950366,126.5330891,"돔베낭골는 자연명소입니다. 주소는 제주특별자치도 서귀포시 호근동이며, 위도는 33.23950366이고, 경도는 126.5330891입니다."
제주김녕미로공원,공원+수목원,제주특별자치도 제주시 구좌읍 만장굴길 122,제주특별자치도 제주시 구좌읍 김녕리 산16,33.53652873,126.7722364,"제주김녕미로공원는 공원+수목원입니다. 주소는 제주특별자치도 제주시 구좌읍 김녕리 산16이며, 위도는 33.53652873이고, 경도는 126.7722364입니다."
김녕사굴,동굴,,제주특별자치도 제주시 구좌읍 김녕리 201-4,33.54388265,126.7754742,"김녕사굴는 동굴입니다. 주소는 제주특별자치도 제주시 구좌읍 김녕리 201-4이며, 위도는 33.54388265이고, 경도는 126.7754742입니다."
제주어른이집,레저+테마,제주특별자치도 제주시 구좌읍 김녕로4길 30,제주특별자치도 제주시 구좌읍 김녕리 2540,33.55264572,126.7439009,"제주어른이집는 레저+테마입니다. 주소는 제주특별자치도 제주시 구좌읍 김녕리 2540이며, 위도는 33.55264572이고, 경도는 126.7439009입니다."
김녕금속공예벽화마을,문화거리,,제주특별자치도 제주시 구좌읍 김녕리 4026,33.55763916,126.7476148,"김녕금속공예벽화마을는 문화거리입니다. 주소는 제주특별자치도 제주시 구좌읍 김녕리 4026이며, 위도는 33.55763916이고, 경도는 126.7476148입니다."
묘산봉오름,오름,,제주특별자치도 제주시 구좌읍 김녕리 2723,33.54366746,126.744681,"묘산봉오름는 오름입니다. 주소는 제주특별자치도 제주시 구좌읍 김녕리 2723이며, 위도는 33.54366746이고, 경도는 126.744681입니다."
입산봉(삿갓오름),오름,,제주특별자치도 제주시 구좌읍 김녕리 1037-2,33.54756695,126.7582016,"입산봉(삿갓오름)는 오름입니다. 주소는 제주특별자치도 제주시 구좌읍 김녕리 1037-2이며, 위도는 33.54756695이고, 경도는 126.7582016입니다."
청굴물,자연물,,제주특별자치도 제주시 구좌읍 김녕리 1296-1,33.55829321,126.7511531,"청굴물는 자연물입니다. 주소는 제주특별자치도 제주시 구좌읍 김녕리 1296-1이며, 위도는 33.55829321이고, 경도는 126.7511531입니다."
김녕성세기해변인증센터,자전거길,제주특별자치도 제주시 구좌읍 해맞이해안로 9,제주특별자치도 제주시 구좌읍 김녕리 497-4,33.55685446,126.759923,"김녕성세기해변인증센터는 자전거길입니다. 주소는 제주특별자치도 제주시 구좌읍 김녕리 497-4이며, 위도는 33.55685446이고, 경도는 126.759923입니다."
김녕항,항구,,제주특별자치도 제주시 구좌읍 김녕리 4211,33.55977253,126.7373134,"김녕항는 항구입니다. 주소는 제주특별자치도 제주시 구좌읍 김녕리 4211이며, 위도는 33.55977253이고, 경도는 126.7373134입니다."
김녕해수욕장,해수욕장+해변,,제주특별자치도 제주시 구좌읍 김녕리 497-4,33.5574303,126.7593156,"김녕해수욕장는 해수욕장+해변입니다. 주소는 제주특별자치도 제주시 구좌읍 김녕리 497-4이며, 위도는 33.5574303이고, 경도는 126.7593156입니다."
세기알 해변,해수욕장+해변,,제주특별자치도 제주시 구좌읍 김녕리 1200-5,33.55789842,126.7555049,"세기알 해변는 해수욕장+해변입니다. 주소는 제주특별자치도 제주시 구좌읍 김녕리 1200-5이며, 위도는 33.55789842이고, 경도는 126.7555049입니다."
덕천리 팔자 좋아 길,마을길,,제주특별자치도 제주시 구좌읍 덕천리 산77-1,33.4826077,126.7462832,"덕천리 팔자 좋아 길는 마을길입니다. 주소는 제주특별자치도 제주시 구좌읍 덕천리 산77-1이며, 위도는 33.4826077이고, 경도는 126.7462832입니다."
북오름,오름,,제주특별자치도 제주시 구좌읍 덕천리 산 69,33.48728788,126.7401714,"북오름는 오름입니다. 주소는 제주특별자치도 제주시 구좌읍 덕천리 산 69이며, 위도는 33.48728788이고, 경도는 126.7401714입니다."
어대오름,오름,,제주특별자치도 제주시 구좌읍 덕천리 509-1,33.49564902,126.7608319,"어대오름는 오름입니다. 주소는 제주특별자치도 제주시 구좌읍 덕천리 509-1이며, 위도는 33.49564902이고, 경도는 126.7608319입니다."
제주바다체험장,체험,,제주특별자치도 제주시 구좌읍 동복리 608-3,33.55474587,126.7217064,"제주바다체험장는 체험입니다. 주소는 제주특별자치도 제주시 구좌읍 동복리 608-3이며, 위도는 33.55474587이고, 경도는 126.7217064입니다."
동복관광체험어장,체험,제주특별자치도 제주시 구좌읍 구좌해안로 35,제주특별자치도 제주시 구좌읍 동복리 687-10,33.55590229,126.718771,"동복관광체험어장는 체험입니다. 주소는 제주특별자치도 제주시 구좌읍 동복리 687-10이며, 위도는 33.55590229이고, 경도는 126.718771입니다."
해녀박물관,박물관,제주특별자치도 제주시 구좌읍 해녀박물관길 26,제주특별자치도 제주시 구좌읍 상도리 3204-1,33.52351244,126.8628811,"해녀박물관는 박물관입니다. 주소는 제주특별자치도 제주시 구좌읍 상도리 3204-1이며, 위도는 33.52351244이고, 경도는 126.8628811입니다."
마이시크릿포레스트,자연공원,제주특별자치도 제주시 구좌읍 상도동길 124-46,제주특별자치도 제주시 구좌읍 상도리 산 46-3,33.50285255,126.8694193,"마이시크릿포레스트는 자연공원입니다. 주소는 제주특별자치도 제주시 구좌읍 상도리 산 46-3이며, 위도는 33.50285255이고, 경도는 126.8694193입니다."
다랑쉬굴,굴,,제주특별자치도 제주시 구좌읍 세화리 2608-3,33.4679956,126.8313463,"다랑쉬굴는 굴입니다. 주소는 제주특별자치도 제주시 구좌읍 세화리 2608-3이며, 위도는 33.4679956이고, 경도는 126.8313463입니다."
다랑쉬오름,오름,,제주특별자치도 제주시 구좌읍 세화리 산6 ,33.47768541,126.8215343,"다랑쉬오름는 오름입니다. 주소는 제주특별자치도 제주시 구좌읍 세화리 산6 이며, 위도는 33.47768541이고, 경도는 126.8215343입니다."
세화해변,해변,제주특별자치도 제주시 구좌읍 해녀박물관길 27,제주특별자치도 제주시 구좌읍 세화리 1-1,33.52514366,126.8602546,"세화해변는 해변입니다. 주소는 제주특별자치도 제주시 구좌읍 세화리 1-1이며, 위도는 33.52514366이고, 경도는 126.8602546입니다."
SN박물관(스누피가든),관람공원,제주특별자치도 제주시 구좌읍 금백조로 930,제주특별자치도 제주시 구좌읍 송당리 2303-3,33.4441771,126.7782184,"SN박물관(스누피가든)는 관람공원입니다. 주소는 제주특별자치도 제주시 구좌읍 송당리 2303-3이며, 위도는 33.4441771이고, 경도는 126.7782184입니다."
비밀의 숲,산림목,,제주특별자치도 제주시 구좌읍 송당리 2173,33.45360692,126.7549294,"비밀의 숲는 산림목입니다. 주소는 제주특별자치도 제주시 구좌읍 송당리 2173이며, 위도는 33.45360692이고, 경도는 126.7549294입니다."
솔트리수목원,수목원,제주특별자치도 제주시 구좌읍 번영로 2063,제주특별자치도 제주시 구좌읍 송당리 산 126-1,33.43487908,126.7441828,"솔트리수목원는 수목원입니다. 주소는 제주특별자치도 제주시 구좌읍 송당리 산 126-1이며, 위도는 33.43487908이고, 경도는 126.7441828입니다."
안돌오름,오름,,제주특별자치도 제주시 구좌읍 송당리 산 66-2,33.45783281,126.7558722,"안돌오름는 오름입니다. 주소는 제주특별자치도 제주시 구좌읍 송당리 산 66-2이며, 위도는 33.45783281이고, 경도는 126.7558722입니다."
밧돌오름,오름,,제주특별자치도 제주시 구좌읍 송당리 산 66-1 ,33.46071488,126.7600727,"밧돌오름는 오름입니다. 주소는 제주특별자치도 제주시 구좌읍 송당리 산 66-1 이며, 위도는 33.46071488이고, 경도는 126.7600727입니다."
아부오름,오름,,제주특별자치도 제주시 구좌읍 송당리 2263,33.44858192,126.7772123,"아부오름는 오름입니다. 주소는 제주특별자치도 제주시 구좌읍 송당리 2263이며, 위도는 33.44858192이고, 경도는 126.7772123입니다."
거슨새미오름,오름,,제주특별자치도 제주시 구좌읍 송당리 산 145,33.4502293,126.7601311,"거슨새미오름는 오름입니다. 주소는 제주특별자치도 제주시 구좌읍 송당리 산 145이며, 위도는 33.4502293이고, 경도는 126.7601311입니다."
높은오름,오름,,제주특별자치도 제주시 구좌읍 송당리 산 213-1,33.45641056,126.7930685,"높은오름는 오름입니다. 주소는 제주특별자치도 제주시 구좌읍 송당리 산 213-1이며, 위도는 33.45641056이고, 경도는 126.7930685입니다."
돛오름,오름,,제주특별자치도 제주시 구좌읍 송당리 산 3,33.48107879,126.8015043,"돛오름는 오름입니다. 주소는 제주특별자치도 제주시 구좌읍 송당리 산 3이며, 위도는 33.48107879이고, 경도는 126.8015043입니다."
당오름,오름,,제주특별자치도 제주시 구좌읍 송당리 산 199-1,33.46659854,126.7786077,"당오름는 오름입니다. 주소는 제주특별자치도 제주시 구좌읍 송당리 산 199-1이며, 위도는 33.46659854이고, 경도는 126.7786077입니다."
비치미오름,오름,,제주특별자치도 제주시 구좌읍 송당리 산 255-1,33.42755752,126.7632392,"비치미오름는 오름입니다. 주소는 제주특별자치도 제주시 구좌읍 송당리 산 255-1이며, 위도는 33.42755752이고, 경도는 126.7632392입니다."
민오름,오름,,제주특별자치도 제주시 구좌읍 송당리 산 156,33.43633836,126.7627906,"민오름는 오름입니다. 주소는 제주특별자치도 제주시 구좌읍 송당리 산 156이며, 위도는 33.43633836이고, 경도는 126.7627906입니다."
안친오름,오름,,제주특별자치도 제주시 구좌읍 송당리 880-1,33.47846757,126.7859609,"안친오름는 오름입니다. 주소는 제주특별자치도 제주시 구좌읍 송당리 880-1이며, 위도는 33.47846757이고, 경도는 126.7859609입니다."
성불오름,오름,,제주특별자치도 제주시 구좌읍 송당리 산 266,33.42212636,126.7499913,"성불오름는 오름입니다. 주소는 제주특별자치도 제주시 구좌읍 송당리 산 266이며, 위도는 33.42212636이고, 경도는 126.7499913입니다."
문석이오름,오름,,제주특별자치도 제주시 구좌읍 송당리 산234 ,33.44641863,126.7945173,"문석이오름는 오름입니다. 주소는 제주특별자치도 제주시 구좌읍 송당리 산234 이며, 위도는 33.44641863이고, 경도는 126.7945173입니다."
말방목공원,자연공원,제주특별자치도 제주시 구좌읍 금백조로 865-1,제주특별자치도 제주시 구좌읍 송당리 2458,33.4419933,126.7848137,"말방목공원는 자연공원입니다. 주소는 제주특별자치도 제주시 구좌읍 송당리 2458이며, 위도는 33.4419933이고, 경도는 126.7848137입니다."
동쪽송당,종합공원,제주특별자치도 제주시 구좌읍 비자림로 1181 ,제주특별자치도 제주시 구좌읍 송당리 2635-3,33.43548274,126.731196,"동쪽송당는 종합공원입니다. 주소는 제주특별자치도 제주시 구좌읍 송당리 2635-3이며, 위도는 33.43548274이고, 경도는 126.731196입니다."
만장굴,동굴,제주특별자치도 제주시 구좌읍 만장굴길 182,제주특별자치도 제주시 구좌읍 월정리 산 41-5,33.52844651,126.7713399,"만장굴는 동굴입니다. 주소는 제주특별자치도 제주시 구좌읍 월정리 산 41-5이며, 위도는 33.52844651이고, 경도는 126.7713399입니다."
월정리해수욕장,해수욕장+해변,,제주특별자치도 제주시 구좌읍 월정리 33-3,33.55646353,126.7958051,"월정리해수욕장는 해수욕장+해변입니다. 주소는 제주특별자치도 제주시 구좌읍 월정리 33-3이며, 위도는 33.55646353이고, 경도는 126.7958051입니다."
종달고망난돌쉼터,근린공원,,제주특별자치도 제주시 구좌읍 종달리 112-4,33.51019382,126.9068362,"종달고망난돌쉼터는 근린공원입니다. 주소는 제주특별자치도 제주시 구좌읍 종달리 112-4이며, 위도는 33.51019382이고, 경도는 126.9068362입니다."
용눈이오름,오름,,제주특별자치도 제주시 구좌읍 종달리 산 28,33.45988068,126.8326771,"용눈이오름는 오름입니다. 주소는 제주특별자치도 제주시 구좌읍 종달리 산 28이며, 위도는 33.45988068이고, 경도는 126.8326771입니다."
손지오름,오름,,제주특별자치도 제주시 구좌읍 종달리 산 52,33.45528416,126.8194209,"손지오름는 오름입니다. 주소는 제주특별자치도 제주시 구좌읍 종달리 산 52이며, 위도는 33.45528416이고, 경도는 126.8194209입니다."
지미봉,오름,,제주특별자치도 제주시 구좌읍 종달리 산 3-1,33.49931485,126.9024383,"지미봉는 오름입니다. 주소는 제주특별자치도 제주시 구좌읍 종달리 산 3-1이며, 위도는 33.49931485이고, 경도는 126.9024383입니다."
동검은이오름,오름,,제주특별자치도 제주시 구좌읍 종달리 산 70 ,33.44894445,126.8036695,"동검은이오름는 오름입니다. 주소는 제주특별자치도 제주시 구좌읍 종달리 산 70 이며, 위도는 33.44894445이고, 경도는 126.8036695입니다."
종달리해변,해변,,제주특별자치도 제주시 구좌읍 종달리 565-72,33.4963249,126.909875,"종달리해변는 해변입니다. 주소는 제주특별자치도 제주시 구좌읍 종달리 565-72이며, 위도는 33.4963249이고, 경도는 126.909875입니다."
메이즈랜드,테마파크,제주특별자치도 제주시 구좌읍 비자림로 2134-47 ,제주특별자치도 제주시 구좌읍 평대리 3322,33.48825681,126.8008746,"메이즈랜드는 테마파크입니다. 주소는 제주특별자치도 제주시 구좌읍 평대리 3322이며, 위도는 33.48825681이고, 경도는 126.8008746입니다."
평대리해변,해변,,제주특별자치도 제주시 구좌읍 평대리 1994-20,33.53352542,126.8408627,"평대리해변는 해변입니다. 주소는 제주특별자치도 제주시 구좌읍 평대리 1994-20이며, 위도는 33.53352542이고, 경도는 126.8408627입니다."
비자림,휴양림,,제주특별자치도 제주시 구좌읍 평대리 산 15,33.49040792,126.8099865,"비자림는 휴양림입니다. 주소는 제주특별자치도 제주시 구좌읍 평대리 산 15이며, 위도는 33.49040792이고, 경도는 126.8099865입니다."
문주란 자생지,관광+명소,,제주특별자치도 제주시 구좌읍 하도리 산 85,33.5237462,126.9026747,"문주란 자생지는 관광+명소입니다. 주소는 제주특별자치도 제주시 구좌읍 하도리 산 85이며, 위도는 33.5237462이고, 경도는 126.9026747입니다."
하도리 철새도래지,관람공원,,제주특별자치도 제주시 구좌읍 하도리 53-2,33.51041988,126.8963179,"하도리 철새도래지는 관람공원입니다. 주소는 제주특별자치도 제주시 구좌읍 하도리 53-2이며, 위도는 33.51041988이고, 경도는 126.8963179입니다."
하도해변,해수욕장+해변,,제주특별자치도 제주시 구좌읍 하도리 52-1,33.51305497,126.8992316,"하도해변는 해수욕장+해변입니다. 주소는 제주특별자치도 제주시 구좌읍 하도리 52-1이며, 위도는 33.51305497이고, 경도는 126.8992316입니다."
둔지봉,오름,,제주특별자치도 제주시 구좌읍 한동리 산 40,33.50274116,126.7954013,"둔지봉는 오름입니다. 주소는 제주특별자치도 제주시 구좌읍 한동리 산 40이며, 위도는 33.50274116이고, 경도는 126.7954013입니다."
고내리 다락쉼터,공원,,제주특별자치도 제주시 애월읍 고내리 462,33.47052109,126.3408735,"고내리 다락쉼터는 공원입니다. 주소는 제주특별자치도 제주시 애월읍 고내리 462이며, 위도는 33.47052109이고, 경도는 126.3408735입니다."
고내리포구,포구,,제주특별자치도 제주시 애월읍 고내리 1156-4,33.46716299,126.337548,"고내리포구는 포구입니다. 주소는 제주특별자치도 제주시 애월읍 고내리 1156-4이며, 위도는 33.46716299이고, 경도는 126.337548입니다."
문서프,서핑,제주특별자치도 제주시 애월읍 곽지7길 1,제주특별자치도 제주시 애월읍 곽지리 1635,33.45006976,126.308397,"문서프는 서핑입니다. 주소는 제주특별자치도 제주시 애월읍 곽지리 1635이며, 위도는 33.45006976이고, 경도는 126.308397입니다."
곽지해수욕장야영장,캠핑장,,제주특별자치도 제주시 애월읍 곽지리 1565,33.45028883,126.3052494,"곽지해수욕장야영장는 캠핑장입니다. 주소는 제주특별자치도 제주시 애월읍 곽지리 1565이며, 위도는 33.45028883이고, 경도는 126.3052494입니다."
곽지해수욕장,해수욕장,,제주특별자치도 제주시 애월읍 곽지리 1565,33.45057861,126.3046716,"곽지해수욕장는 해수욕장입니다. 주소는 제주특별자치도 제주시 애월읍 곽지리 1565이며, 위도는 33.45057861이고, 경도는 126.3046716입니다."
구엄리돌염전,돌 염전,,제주특별자치도 제주시 애월읍 구엄리 1254-1,33.48342901,126.3764913,"구엄리돌염전는 돌 염전입니다. 주소는 제주특별자치도 제주시 애월읍 구엄리 1254-1이며, 위도는 33.48342901이고, 경도는 126.3764913입니다."
갑자기 히어로즈 벽화길,벽화길,제주특별자치도 제주시 애월읍 금성1길 29-3,제주특별자치도 제주시 애월읍 금성리 569,33.44744735,126.3001742,"갑자기 히어로즈 벽화길는 벽화길입니다. 주소는 제주특별자치도 제주시 애월읍 금성리 569이며, 위도는 33.44744735이고, 경도는 126.3001742입니다."
금성포구,포구,,제주특별자치도 제주시 애월읍 금성리 573-1,33.44683455,126.2982298,"금성포구는 포구입니다. 주소는 제주특별자치도 제주시 애월읍 금성리 573-1이며, 위도는 33.44683455이고, 경도는 126.2982298입니다."
납읍난대림 금산공원,공원,,제주특별자치도 제주시 애월읍 납읍리 1457-1,33.43367442,126.3301651,"납읍난대림 금산공원는 공원입니다. 주소는 제주특별자치도 제주시 애월읍 납읍리 1457-1이며, 위도는 33.43367442이고, 경도는 126.3301651입니다."
풋감마을 소길리 농어촌체험마을,체험마을,제주특별자치도 제주시 애월읍 소길1길 15,제주특별자치도 제주시 애월읍 소길리 650-1,33.44005921,126.3798639,"풋감마을 소길리 농어촌체험마을는 체험마을입니다. 주소는 제주특별자치도 제주시 애월읍 소길리 650-1이며, 위도는 33.44005921이고, 경도는 126.3798639입니다."
물뫼힐링팜,농장,제주특별자치도 제주시 애월읍 예원로 51,제주특별자치도 제주시 애월읍 수산리 357-6,33.46454046,126.3964706,"물뫼힐링팜는 농장입니다. 주소는 제주특별자치도 제주시 애월읍 수산리 357-6이며, 위도는 33.46454046이고, 경도는 126.3964706입니다."
중엄리새물,관람+체험,제주특별자치도 제주시 애월읍 애월해안로 10-2,제주특별자치도 제주시 애월읍 신엄리 2719-3,33.47835963,126.369322,"중엄리새물는 관람+체험입니다. 주소는 제주특별자치도 제주시 애월읍 신엄리 2719-3이며, 위도는 33.47835963이고, 경도는 126.369322입니다."
남두연대,문화재,,제주특별자치도 제주시 애월읍 신엄리 2780-1,33.47908138,126.3584369,"남두연대는 문화재입니다. 주소는 제주특별자치도 제주시 애월읍 신엄리 2780-1이며, 위도는 33.47908138이고, 경도는 126.3584369입니다."
신엄포구,포구,,제주특별자치도 제주시 애월읍 신엄리 2841-13,33.4735454,126.352213,"신엄포구는 포구입니다. 주소는 제주특별자치도 제주시 애월읍 신엄리 2841-13이며, 위도는 33.4735454이고, 경도는 126.352213입니다."
애월연대,문화재,,제주특별자치도 제주시 애월읍 애월리 1975,33.465656,126.313004,"애월연대는 문화재입니다. 주소는 제주특별자치도 제주시 애월읍 애월리 1975이며, 위도는 33.465656이고, 경도는 126.313004입니다."
한담해변,해변,,제주특별자치도 제주시 애월읍 애월리,"33.46223680748	",126.310043,"한담해변는 해변입니다. 주소는 제주특별자치도 제주시 애월읍 애월리이며, 위도는 33.46223680748	이고, 경도는 126.310043입니다."
제주빅볼랜드,관람,제주특별자치도 제주시 애월읍 산록서로 15,제주특별자치도 제주시 애월읍 어음리 산3,33.38900799,126.3768643,"제주빅볼랜드는 관람입니다. 주소는 제주특별자치도 제주시 애월읍 어음리 산3이며, 위도는 33.38900799이고, 경도는 126.3768643입니다."
아르떼뮤지엄 제주,미술관,제주특별자치도 제주시 애월읍 어림비로 478,제주특별자치도 제주시 애월읍 어음리 1503,33.39669863,126.345002,"아르떼뮤지엄 제주는 미술관입니다. 주소는 제주특별자치도 제주시 애월읍 어음리 1503이며, 위도는 33.39669863이고, 경도는 126.345002입니다."
큰바리메,오름,,제주특별자치도 제주시 애월읍 어음리 산 21,33.37710974,126.388043,"큰바리메는 오름입니다. 주소는 제주특별자치도 제주시 애월읍 어음리 산 21이며, 위도는 33.37710974이고, 경도는 126.388043입니다."
빌레못동굴,천연기념물,,제주특별자치도 제주시 애월읍 어음리 1391 ,33.40441053,126.3504243,"빌레못동굴는 천연기념물입니다. 주소는 제주특별자치도 제주시 애월읍 어음리 1391 이며, 위도는 33.40441053이고, 경도는 126.3504243입니다."
제주안전체험관,체험,제주특별자치도 제주시 애월읍 평화로 1885,제주특별자치도 제주시 애월읍 어음리 41-4,33.39419821,126.373405,"제주안전체험관는 체험입니다. 주소는 제주특별자치도 제주시 애월읍 어음리 41-4이며, 위도는 33.39419821이고, 경도는 126.373405입니다."
9.81파크,테마파크,제주특별자치도 제주시 애월읍 천덕로 880-24,제주특별자치도 제주시 애월읍 어음리 산131,33.39029938,126.3667693,"9.81파크는 테마파크입니다. 주소는 제주특별자치도 제주시 애월읍 어음리 산131이며, 위도는 33.39029938이고, 경도는 126.3667693입니다."
렛츠런파크 제주,경마장,제주특별자치도 제주시 애월읍 평화로 2144,제주특별자치도 제주시 애월읍 유수암리 1206,33.40824654,126.3977283,"렛츠런파크 제주는 경마장입니다. 주소는 제주특별자치도 제주시 애월읍 유수암리 1206이며, 위도는 33.40824654이고, 경도는 126.3977283입니다."
제주승마공원,승마장,제주특별자치도 제주시 애월읍 녹고메길 152-1,제주특별자치도 제주시 애월읍 유수암리 1175,33.40581267,126.4062374,"제주승마공원는 승마장입니다. 주소는 제주특별자치도 제주시 애월읍 유수암리 1175이며, 위도는 33.40581267이고, 경도는 126.4062374입니다."
큰노꼬메오름,오름,,제주특별자치도 제주시 애월읍 유수암리 산138,33.38907202,126.4114027,"큰노꼬메오름는 오름입니다. 주소는 제주특별자치도 제주시 애월읍 유수암리 산138이며, 위도는 33.38907202이고, 경도는 126.4114027입니다."
족은노꼬메오름,오름,,제주특별자치도 제주시 애월읍 유수암리 산138,33.39288551,126.4170735,"족은노꼬메오름는 오름입니다. 주소는 제주특별자치도 제주시 애월읍 유수암리 산138이며, 위도는 33.39288551이고, 경도는 126.4170735입니다."
금덕무환자나무및팽나무군락,자연명소,,제주특별자치도 제주시 애월읍 유수암리 1920,33.44178657,126.4006584,"금덕무환자나무및팽나무군락는 자연명소입니다. 주소는 제주특별자치도 제주시 애월읍 유수암리 1920이며, 위도는 33.44178657이고, 경도는 126.4006584입니다."
유수암마을,체험마을,제주특별자치도 제주시 애월읍 유수암평화길 14,제주특별자치도 제주시 애월읍 유수암리 1892-1,33.44133474,126.40278,"유수암마을는 체험마을입니다. 주소는 제주특별자치도 제주시 애월읍 유수암리 1892-1이며, 위도는 33.44133474이고, 경도는 126.40278입니다."
제주불빛정원,테마파크,제주특별자치도 제주시 애월읍 평화로 2346,제주특별자치도 제주시 애월읍 유수암리 1083,33.42230345,126.4091868,"제주불빛정원는 테마파크입니다. 주소는 제주특별자치도 제주시 애월읍 유수암리 1083이며, 위도는 33.42230345이고, 경도는 126.4091868입니다."
장전리 왕벚꽃축제길,거리+도로,,제주특별자치도 제주시 애월읍 장전리 1167-4,33.45213548,126.3838247,"장전리 왕벚꽃축제길는 거리+도로입니다. 주소는 제주특별자치도 제주시 애월읍 장전리 1167-4이며, 위도는 33.45213548이고, 경도는 126.3838247입니다."
육시우영 ,문화유적지,,제주특별자치도 제주시 애월읍 하가리 1386-1,33.45714782,126.3488858,"육시우영 는 문화유적지입니다. 주소는 제주특별자치도 제주시 애월읍 하가리 1386-1이며, 위도는 33.45714782이고, 경도는 126.3488858입니다."
연화지,호수,,제주특별자치도 제주시 애월읍 하가리 1569-2,33.45486103,126.3473594,"연화지는 호수입니다. 주소는 제주특별자치도 제주시 애월읍 하가리 1569-2이며, 위도는 33.45486103이고, 경도는 126.3473594입니다."
영모원,문화유적지,,제주특별자치도 제주시 애월읍 하귀1리 1134-1,33.47201754,126.4173323,"영모원는 문화유적지입니다. 주소는 제주특별자치도 제주시 애월읍 하귀1리 1134-1이며, 위도는 33.47201754이고, 경도는 126.4173323입니다."
산호해수욕장,해변,,제주특별자치도 제주시 우도면 연평리,33.502478,126.943225,"산호해수욕장는 해변입니다. 주소는 제주특별자치도 제주시 우도면 연평리이며, 위도는 33.502478이고, 경도는 126.943225입니다."
하고수동해수욕장,해변,,제주특별자치도 제주시 우도면 연평리,33.514439,126.958237,"하고수동해수욕장는 해변입니다. 주소는 제주특별자치도 제주시 우도면 연평리이며, 위도는 33.514439이고, 경도는 126.958237입니다."
검멀레해수욕장,해변,,제주특별자치도 제주시 우도면 연평리,33.497336,126.967151,"검멀레해수욕장는 해변입니다. 주소는 제주특별자치도 제주시 우도면 연평리이며, 위도는 33.497336이고, 경도는 126.967151입니다."
우도등대공원,공원,제주특별자치도 제주시 우도면 우도봉길 105,제주특별자치도 제주시 우도면 연평리 337,33.49294,126.965,"우도등대공원는 공원입니다. 주소는 제주특별자치도 제주시 우도면 연평리 337이며, 위도는 33.49294이고, 경도는 126.965입니다."
우도정원,식물원,제주특별자치도 제주시 우도면 천진길 105,제주특별자치도 제주시 우도면 연평리 1964,33.501916,126.947017,"우도정원는 식물원입니다. 주소는 제주특별자치도 제주시 우도면 연평리 1964이며, 위도는 33.501916이고, 경도는 126.947017입니다."
우도봉(쇠머리오름),오름,,제주특별자치도 제주시 우도면 연평리 산17,33.492092,126.963586,"우도봉(쇠머리오름)는 오름입니다. 주소는 제주특별자치도 제주시 우도면 연평리 산17이며, 위도는 33.492092이고, 경도는 126.963586입니다."
훈데르트바서파크,테마파크,제주특별자치도 제주시 우도면 우도해안길 32-12,제주특별자치도 제주시 우도면 연평리 1706-1,33.49275715,126.9565077,"훈데르트바서파크는 테마파크입니다. 주소는 제주특별자치도 제주시 우도면 연평리 1706-1이며, 위도는 33.49275715이고, 경도는 126.9565077입니다."
제주돌문화공원,문화공원,제주특별자치도 제주시 조천읍 남조로 2023 교래자연휴양림,제주특별자치도 제주시 조천읍 교래리 산95,33.44820966,126.6590593,"제주돌문화공원는 문화공원입니다. 주소는 제주특별자치도 제주시 조천읍 교래리 산95이며, 위도는 33.44820966이고, 경도는 126.6590593입니다."
바농오름,오름,,제주특별자치도 제주시 조천읍 교래리 산 108,33.45377549,126.6538018,"바농오름는 오름입니다. 주소는 제주특별자치도 제주시 조천읍 교래리 산 108이며, 위도는 33.45377549이고, 경도는 126.6538018입니다."
큰지그리오름,오름,,제주특별자치도 제주시 조천읍 교래리 산 119,33.44378693,126.6452717,"큰지그리오름는 오름입니다. 주소는 제주특별자치도 제주시 조천읍 교래리 산 119이며, 위도는 33.44378693이고, 경도는 126.6452717입니다."
물찻오름,오름,,제주특별자치도 제주시 조천읍 교래리 산 137-1,33.39484878,126.6528711,"물찻오름는 오름입니다. 주소는 제주특별자치도 제주시 조천읍 교래리 산 137-1이며, 위도는 33.39484878이고, 경도는 126.6528711입니다."
방애오름,오름,,제주특별자치도 제주시 조천읍 교래리 산 45,33.44392229,126.6845203,"방애오름는 오름입니다. 주소는 제주특별자치도 제주시 조천읍 교래리 산 45이며, 위도는 33.44392229이고, 경도는 126.6845203입니다."
돔배오름,오름,,제주특별자치도 제주시 조천읍 교래리 산 64,33.42785414,126.6692411,"돔배오름는 오름입니다. 주소는 제주특별자치도 제주시 조천읍 교래리 산 64이며, 위도는 33.42785414이고, 경도는 126.6692411입니다."
늡서리,오름,제주특별자치도 제주시 조천읍 남조로 2023,제주특별자치도 제주시 조천읍 교래리 산 95,33.44177828,126.6629373,"늡서리는 오름입니다. 주소는 제주특별자치도 제주시 조천읍 교래리 산 95이며, 위도는 33.44177828이고, 경도는 126.6629373입니다."
까끄래기오름,오름,,제주특별자치도 제주시 교래리 128,33.43164668,126.7031502,"까끄래기오름는 오름입니다. 주소는 제주특별자치도 제주시 교래리 128이며, 위도는 33.43164668이고, 경도는 126.7031502입니다."
말찻오름,오름,,제주특별자치도 제주시 조천읍 교래리 산 137-1,33.40056659,126.6542458,"말찻오름는 오름입니다. 주소는 제주특별자치도 제주시 조천읍 교래리 산 137-1이며, 위도는 33.40056659이고, 경도는 126.6542458입니다."
부소악,오름,,제주특별자치도 제주시 조천읍 교래리 산2,33.44219241,126.7177551,"부소악는 오름입니다. 주소는 제주특별자치도 제주시 조천읍 교래리 산2이며, 위도는 33.44219241이고, 경도는 126.7177551입니다."
족은지그리오름,오름,,제주특별자치도 제주시 조천읍 교래리 산 119,33.45027603,126.6459915,"족은지그리오름는 오름입니다. 주소는 제주특별자치도 제주시 조천읍 교래리 산 119이며, 위도는 33.45027603이고, 경도는 126.6459915입니다."
렛츠런팜 제주목장,오름,제주특별자치도 제주시 조천읍 남조로 1660,제주특별자치도 제주시 조천읍 교래리 산25-2,33.41844406,126.681477,"렛츠런팜 제주목장는 오름입니다. 주소는 제주특별자치도 제주시 조천읍 교래리 산25-2이며, 위도는 33.41844406이고, 경도는 126.681477입니다."
산굼부리,자연명소,제주특별자치도 제주시 조천읍 비자림로 768,제주특별자치도 제주시 조천읍 교래리 342-2,33.43257522,126.6938307,"산굼부리는 자연명소입니다. 주소는 제주특별자치도 제주시 조천읍 교래리 342-2이며, 위도는 33.43257522이고, 경도는 126.6938307입니다."
제주센트럴파크,테마파크,제주특별자치도 제주시 조천읍 비자림로 606,제주특별자치도 제주시 조천읍 교래리 산56-4,33.43345102,126.6744057,"제주센트럴파크는 테마파크입니다. 주소는 제주특별자치도 제주시 조천읍 교래리 산56-4이며, 위도는 33.43345102이고, 경도는 126.6744057입니다."
제주에코랜드,테마파크,제주특별자치도 제주시 조천읍 남조로 1982,제주특별자치도 제주시 조천읍 교래리 385-1,33.44833468,126.6702819,"제주에코랜드는 테마파크입니다. 주소는 제주특별자치도 제주시 조천읍 교래리 385-1이며, 위도는 33.44833468이고, 경도는 126.6702819입니다."
매드벤처,테마파크,제주특별자치도 제주시 조천읍 남조로 2109-36,제주특별자치도 제주시 조천읍 교래리 786-29,33.45398972,126.657703,"매드벤처는 테마파크입니다. 주소는 제주특별자치도 제주시 조천읍 교래리 786-29이며, 위도는 33.45398972이고, 경도는 126.657703입니다."
교래자연휴양림,휴양림,제주특별자치도 제주시 조천읍 남조로 2023 교래자연휴양림,제주특별자치도 제주시 조천읍 교래리 119,33.44035706,126.6649941,"교래자연휴양림는 휴양림입니다. 주소는 제주특별자치도 제주시 조천읍 교래리 119이며, 위도는 33.44035706이고, 경도는 126.6649941입니다."
새미오름,오름,,제주특별자치도 제주시 조천읍 대흘리 산27-1,33.47404839,126.669422,"새미오름는 오름입니다. 주소는 제주특별자치도 제주시 조천읍 대흘리 산27-1이며, 위도는 33.47404839이고, 경도는 126.669422입니다."
꾀꼬리오름,오름,,제주특별자치도 제주시 조천읍 대흘리 산33,33.46115159,126.6790997,"꾀꼬리오름는 오름입니다. 주소는 제주특별자치도 제주시 조천읍 대흘리 산33이며, 위도는 33.46115159이고, 경도는 126.6790997입니다."
제원하늘농원,관광농원,제주특별자치도 제주시 조천읍 대흘북길 72-5,제주특별자치도 제주시 조천읍 대흘리 852-1,33.50320283,126.6665037,"제원하늘농원는 관광농원입니다. 주소는 제주특별자치도 제주시 조천읍 대흘리 852-1이며, 위도는 33.50320283이고, 경도는 126.6665037입니다."
북촌포구,항구,제주특별자치도 제주시 조천읍 북촌9길 26-1,제주특별자치도 제주시 조천읍 북촌리 588,33.55019438,126.6941756,"북촌포구는 항구입니다. 주소는 제주특별자치도 제주시 조천읍 북촌리 588이며, 위도는 33.55019438이고, 경도는 126.6941756입니다."
부영농원,관광농원,,제주특별자치도 제주시 조천읍 선흘리 3474,33.51925122,126.6912733,"부영농원는 관광농원입니다. 주소는 제주특별자치도 제주시 조천읍 선흘리 3474이며, 위도는 33.51925122이고, 경도는 126.6912733입니다."
귤의정원바령,관광농원,,제주특별자치도 제주시 조천읍 선흘리 1396,33.50520118,126.7062006,"귤의정원바령는 관광농원입니다. 주소는 제주특별자치도 제주시 조천읍 선흘리 1396이며, 위도는 33.50520118이고, 경도는 126.7062006입니다."
동백동산,숲길,제주특별자치도 제주시 조천읍 동백로 77,제주특별자치도 제주시 조천읍 선흘리 924,33.51644,126.7160356,"동백동산는 숲길입니다. 주소는 제주특별자치도 제주시 조천읍 선흘리 924이며, 위도는 33.51644이고, 경도는 126.7160356입니다."
선녀와나무꾼,테마파크,제주특별자치도 제주시 조천읍 선교로 267,제주특별자치도 제주시 조천읍 선흘리 1997,33.47878757,126.7037964,"선녀와나무꾼는 테마파크입니다. 주소는 제주특별자치도 제주시 조천읍 선흘리 1997이며, 위도는 33.47878757이고, 경도는 126.7037964입니다."
캐릭파크,테마파크,제주특별자치도 제주시 조천읍 선교로 266,제주특별자치도 제주시 조천읍 선흘리 266,33.47960359,126.7005404,"캐릭파크는 테마파크입니다. 주소는 제주특별자치도 제주시 조천읍 선흘리 266이며, 위도는 33.47960359이고, 경도는 126.7005404입니다."
포레스트 사파리,테마파크,제주특별자치도 제주시 조천읍 선교로 474-1,제주특별자치도 제주시 조천읍 선흘리 1817,33.4630558,126.7095498,"포레스트 사파리는 테마파크입니다. 주소는 제주특별자치도 제주시 조천읍 선흘리 1817이며, 위도는 33.4630558이고, 경도는 126.7095498입니다."
김택화미술관,관람,제주특별자치도 제주시 조천읍 신흥로 1 (우) 63332,제주특별자치도 제주시 조천읍 신흥리 227-5,33.54375033,126.6531558,"김택화미술관는 관람입니다. 주소는 제주특별자치도 제주시 조천읍 신흥리 227-5이며, 위도는 33.54375033이고, 경도는 126.6531558입니다."
신흥해수욕장,해수욕장,,제주특별자치도 제주시 조천읍 신흥리 731-3,33.55177667,126.6487331,"신흥해수욕장는 해수욕장입니다. 주소는 제주특별자치도 제주시 조천읍 신흥리 731-3이며, 위도는 33.55177667이고, 경도는 126.6487331입니다."
새미동산,관광농원,제주특별자치도 제주시 조천읍 종인내길 133,제주특별자치도 제주시 조천읍 와흘리 2160-3,33.49513275,126.623363,"새미동산는 관광농원입니다. 주소는 제주특별자치도 제주시 조천읍 와흘리 2160-3이며, 위도는 33.49513275이고, 경도는 126.623363입니다."
제주레포츠랜드,테마파크,제주특별자치도 제주시 조천읍 와흘상서2길 47 제주레포츠랜드,제주특별자치도 제주시 조천읍 와흘리 870,33.48206142,126.6387503,"제주레포츠랜드는 테마파크입니다. 주소는 제주특별자치도 제주시 조천읍 와흘리 870이며, 위도는 33.48206142이고, 경도는 126.6387503입니다."
서프라이즈테마파크,테마파크,제주특별자치도 제주시 조천읍 남조로 2243,제주특별자치도 제주시 조천읍 와흘리 2988,33.46518842,126.6596222,"서프라이즈테마파크는 테마파크입니다. 주소는 제주특별자치도 제주시 조천읍 와흘리 2988이며, 위도는 33.46518842이고, 경도는 126.6596222입니다."
제주항일기념관,박물관,제주특별자치도 제주시 조천읍 신북로 303,제주특별자치도 제주시 조천읍 조천리 1156,33.54160469,126.6428996,"제주항일기념관는 박물관입니다. 주소는 제주특별자치도 제주시 조천읍 조천리 1156이며, 위도는 33.54160469이고, 경도는 126.6428996입니다."
서우봉,오름,,제주특별자치도 제주시 조천읍 함덕리 169-3,33.54575,126.677505,"서우봉는 오름입니다. 주소는 제주특별자치도 제주시 조천읍 함덕리 169-3이며, 위도는 33.54575이고, 경도는 126.677505입니다."
함덕해수욕장,해수욕장,제주특별자치도 제주시 조천읍 조함해안로 525,제주특별자치도 제주시 조천읍 함덕리 1004-10,33.54306068,126.6692443,"함덕해수욕장는 해수욕장입니다. 주소는 제주특별자치도 제주시 조천읍 함덕리 1004-10이며, 위도는 33.54306068이고, 경도는 126.6692443입니다."
모진이 몽돌해안,해변,,제주특별자치도 제주시 추자면 신양리 56,33.94571386,126.3343695,"모진이 몽돌해안는 해변입니다. 주소는 제주특별자치도 제주시 추자면 신양리 56이며, 위도는 33.94571386이고, 경도는 126.3343695입니다."
섬생이,무인도,,제주특별자치도 제주시 추자면 신양리 산 87,33.93988321,126.311403,"섬생이는 무인도입니다. 주소는 제주특별자치도 제주시 추자면 신양리 산 87이며, 위도는 33.93988321이고, 경도는 126.311403입니다."
돈대산,산,,제주특별자치도 제주시 추자면 예초리 산 67-1,33.94821882,126.3229808,"돈대산는 산입니다. 주소는 제주특별자치도 제주시 추자면 예초리 산 67-1이며, 위도는 33.94821882이고, 경도는 126.3229808입니다."
신대산 전망대,전망대,,제주특별자치도 제주시 추자면 예초리 산 7,33.95466645,126.3411721,"신대산 전망대는 전망대입니다. 주소는 제주특별자치도 제주시 추자면 예초리 산 7이며, 위도는 33.95466645이고, 경도는 126.3411721입니다."
고산리유적안내센터,문화재,제주특별자치도 제주시 한경면 노을해안로 1100,제주특별자치도 제주시 한경면 고산리 3650-1,33.30414244,126.1661833,"고산리유적안내센터는 문화재입니다. 주소는 제주특별자치도 제주시 한경면 고산리 3650-1이며, 위도는 33.30414244이고, 경도는 126.1661833입니다."
차귀도,섬,,제주특별자치도 제주시 한경면 고산리 125,33.31110548,126.1478169,"차귀도는 섬입니다. 주소는 제주특별자치도 제주시 한경면 고산리 125이며, 위도는 33.31110548이고, 경도는 126.1478169입니다."
수월봉,오름,,제주특별자치도 제주시 한경면 고산리 3760,33.29475532,126.1631082,"수월봉는 오름입니다. 주소는 제주특별자치도 제주시 한경면 고산리 3760이며, 위도는 33.29475532이고, 경도는 126.1631082입니다."
엉알해안,해수욕장,,제주특별자치도 제주시 한경면 고산리 3653-3,33.2994146,126.167514,"엉알해안는 해수욕장입니다. 주소는 제주특별자치도 제주시 한경면 고산리 3653-3이며, 위도는 33.2994146이고, 경도는 126.167514입니다."
낙천아홉굿마을 의자공원,마을공원,제주특별자치도 제주시 한경면 낙수로 97,제주특별자치도 제주시 한경면 낙천리 1913,33.327613,126.226761,"낙천아홉굿마을 의자공원는 마을공원입니다. 주소는 제주특별자치도 제주시 한경면 낙천리 1913이며, 위도는 33.327613이고, 경도는 126.226761입니다."
신창리포구,포구,,제주특별자치도 제주시 한경면 신창리,33.34834788,126.1802941,"신창리포구는 포구입니다. 주소는 제주특별자치도 제주시 한경면 신창리이며, 위도는 33.34834788이고, 경도는 126.1802941입니다."
성김대건신부제주표착기념관(용수성지),기념관,제주특별자치도 제주시 한경면 용수1길 108,제주특별자치도 제주시 한경면 용수리 4266,33.32288428,126.1676909,"성김대건신부제주표착기념관(용수성지)는 기념관입니다. 주소는 제주특별자치도 제주시 한경면 용수리 4266이며, 위도는 33.32288428이고, 경도는 126.1676909입니다."
당산봉,오름,,제주특별자치도 제주시 한경면 용수리 4705,33.30793943,126.1729521,"당산봉는 오름입니다. 주소는 제주특별자치도 제주시 한경면 용수리 4705이며, 위도는 33.30793943이고, 경도는 126.1729521입니다."
당산봉 알봉,오름,,제주특별자치도 제주시 한경면 용수리 2705,33.31156651,126.1706467,"당산봉 알봉는 오름입니다. 주소는 제주특별자치도 제주시 한경면 용수리 2705이며, 위도는 33.31156651이고, 경도는 126.1706467입니다."
용수항(용수리포구),포구,,제주특별자치도 제주시 한경면 용수리 4274-1,33.32331052,126.166382,"용수항(용수리포구)는 포구입니다. 주소는 제주특별자치도 제주시 한경면 용수리 4274-1이며, 위도는 33.32331052이고, 경도는 126.166382입니다."
방림원,공원,제주특별자치도 제주시 한경면 용금로 864,제주특별자치도 제주시 한경면 저지리 2120-91,33.33711053,126.26852,"방림원는 공원입니다. 주소는 제주특별자치도 제주시 한경면 저지리 2120-91이며, 위도는 33.33711053이고, 경도는 126.26852입니다."
생각하는 정원,공원,제주특별자치도 제주시 한경면 녹차분재로 675,제주특별자치도 제주시 한경면 저지리 1534,33.32550557,126.255015,"생각하는 정원는 공원입니다. 주소는 제주특별자치도 제주시 한경면 저지리 1534이며, 위도는 33.32550557이고, 경도는 126.255015입니다."
환상숲곶자왈공원,공원,제주특별자치도 제주시 한경면 녹차분재로 594-1,제주특별자치도 제주시 한경면 저지리 2848-2,33.32287346,126.2630437,"환상숲곶자왈공원는 공원입니다. 주소는 제주특별자치도 제주시 한경면 저지리 2848-2이며, 위도는 33.32287346이고, 경도는 126.2630437입니다."
저지 예술인마을,관광공원,제주특별자치도 제주시 한경면 저지14길 28,제주특별자치도 제주시 한경면 저지리 2120-116,33.33949783,126.2670446,"저지 예술인마을는 관광공원입니다. 주소는 제주특별자치도 제주시 한경면 저지리 2120-116이며, 위도는 33.33949783이고, 경도는 126.2670446입니다."
제주현대미술관,미술관,제주특별자치도 제주시 한경면 저지14길 35,제주특별자치도 제주시 한경면 저지리 2114-63,33.33968319,126.265609,"제주현대미술관는 미술관입니다. 주소는 제주특별자치도 제주시 한경면 저지리 2114-63이며, 위도는 33.33968319이고, 경도는 126.265609입니다."
갤러리데이지,미술관,제주특별자치도 제주시 한경면 저지12길 97-12,제주특별자치도 제주시 한경면 저지리 2120-12,33.3378576,126.2675417,"갤러리데이지는 미술관입니다. 주소는 제주특별자치도 제주시 한경면 저지리 2120-12이며, 위도는 33.3378576이고, 경도는 126.2675417입니다."
가메창오름,오름,제주특별자치도 제주시 한경면 저지9길 52-8,제주특별자치도 제주시 한경면 저지리 1496,33.32973146,126.248594,"가메창오름는 오름입니다. 주소는 제주특별자치도 제주시 한경면 저지리 1496이며, 위도는 33.32973146이고, 경도는 126.248594입니다."
마오름,오름,,제주특별자치도 제주시 한경면 저지리 산55-2,33.33800485,126.243598,"마오름는 오름입니다. 주소는 제주특별자치도 제주시 한경면 저지리 산55-2이며, 위도는 33.33800485이고, 경도는 126.243598입니다."
마중오름,오름,,제주특별자치도 제주시 한경면 저지리 2143-18,33.33448853,126.270717,"마중오름는 오름입니다. 주소는 제주특별자치도 제주시 한경면 저지리 2143-18이며, 위도는 33.33448853이고, 경도는 126.270717입니다."
저지오름,오름,,제주특별자치도 제주시 한경면 저지리 산51,33.33271206,126.2509689,"저지오름는 오름입니다. 주소는 제주특별자치도 제주시 한경면 저지리 산51이며, 위도는 33.33271206이고, 경도는 126.2509689입니다."
문화예술 공공수장고,전시관,제주특별자치도 제주시 한경면 저지12길 84-2,제주특별자치도 제주시 한경면 저지리 2114-1,33.33722583,126.2645703,"문화예술 공공수장고는 전시관입니다. 주소는 제주특별자치도 제주시 한경면 저지리 2114-1이며, 위도는 33.33722583이고, 경도는 126.2645703입니다."
유리의 성,전시관,제주특별자치도 제주시 한경면 녹차분재로 462,제주특별자치도 제주시 한경면 저지리 3135-1,33.3146732,126.2737277,"유리의 성는 전시관입니다. 주소는 제주특별자치도 제주시 한경면 저지리 3135-1이며, 위도는 33.3146732이고, 경도는 126.2737277입니다."
수호농원,관광농원,제주특별자치도 제주시 한경면 용금로 489,제주특별자치도 제주시 한경면 조수리 326-2,33.33643926,126.2319977,"수호농원는 관광농원입니다. 주소는 제주특별자치도 제주시 한경면 조수리 326-2이며, 위도는 33.33643926이고, 경도는 126.2319977입니다."
송아오름,오름,,제주특별자치도 제주시 한경면 조수리 134,33.3356052,126.2385732,"송아오름는 오름입니다. 주소는 제주특별자치도 제주시 한경면 조수리 134이며, 위도는 33.3356052이고, 경도는 126.2385732입니다."
산양곶자왈,공원,,제주특별자치도 제주시 한경면 청수리 산 6,33.29646688,126.2519525,"산양곶자왈는 공원입니다. 주소는 제주특별자치도 제주시 한경면 청수리 산 6이며, 위도는 33.29646688이고, 경도는 126.2519525입니다."
제주평화박물관,박물관,제주특별자치도 제주시 한경면 청수서5길 63,제주특별자치도 제주시 한경면청수리 847,33.30566729,126.2492621,"제주평화박물관는 박물관입니다. 주소는 제주특별자치도 제주시 한경면청수리 847이며, 위도는 33.30566729이고, 경도는 126.2492621입니다."
청수곶자왈,숲,,제주특별자치도 제주시 한경면 청수리 산 4,33.30110693,126.2619706,"청수곶자왈는 숲입니다. 주소는 제주특별자치도 제주시 한경면 청수리 산 4이며, 위도는 33.30110693이고, 경도는 126.2619706입니다."
가마오름,오름,,제주특별자치도 제주시 한경면 청수리 1202-1,33.30552294,126.2470112,"가마오름는 오름입니다. 주소는 제주특별자치도 제주시 한경면 청수리 1202-1이며, 위도는 33.30552294이고, 경도는 126.2470112입니다."
판포오름,오름,,제주특별자치도 제주시 한경면 판포리 935-1,33.35806781,126.2135219,"판포오름는 오름입니다. 주소는 제주특별자치도 제주시 한경면 판포리 935-1이며, 위도는 33.35806781이고, 경도는 126.2135219입니다."
비체올린,체험여행,제주특별자치도 제주시 한경면 판조로 253-6,제주특별자치도 제주시 한경면 판포리 725-1,33.34946922,126.2185758,"비체올린는 체험여행입니다. 주소는 제주특별자치도 제주시 한경면 판포리 725-1이며, 위도는 33.34946922이고, 경도는 126.2185758입니다."
싱계물 공원,공원,,제주특별자치도 제주시 한경면 신창리 1322-1,33.34350419,126.1738465,"싱계물 공원는 공원입니다. 주소는 제주특별자치도 제주시 한경면 신창리 1322-1이며, 위도는 33.34350419이고, 경도는 126.1738465입니다."
벌내물 공원,공원,,제주특별자치도 제주시 한경면 신창리 1321-1,33.34298429,126.174844,"벌내물 공원는 공원입니다. 주소는 제주특별자치도 제주시 한경면 신창리 1321-1이며, 위도는 33.34298429이고, 경도는 126.174844입니다."
신창풍차해안,해수욕장,,제주특별자치도 제주시 한경면 신창리 1323,33.34535043,126.1765471,"신창풍차해안는 해수욕장입니다. 주소는 제주특별자치도 제주시 한경면 신창리 1323이며, 위도는 33.34535043이고, 경도는 126.1765471입니다."
영등할망신화공원,공원,,제주특별자치도 제주시 한림읍 귀덕리 1030-8,33.44361359,126.2926689,"영등할망신화공원는 공원입니다. 주소는 제주특별자치도 제주시 한림읍 귀덕리 1030-8이며, 위도는 33.44361359이고, 경도는 126.2926689입니다."
귀덕연대,문화재,제주특별자치도 제주시 한림읍 귀덕14길 14-5,제주특별자치도 제주시 한림읍 귀덕리 1118,33.44258234,126.2932499,"귀덕연대는 문화재입니다. 주소는 제주특별자치도 제주시 한림읍 귀덕리 1118이며, 위도는 33.44258234이고, 경도는 126.2932499입니다."
이랜드뮤지엄,박물관,제주특별자치도 제주시 한림읍 한림해안로 530 ,제주특별자치도 제주시 한림읍 귀덕리 3861,33.43585803,126.2743892,"이랜드뮤지엄는 박물관입니다. 주소는 제주특별자치도 제주시 한림읍 귀덕리 3861이며, 위도는 33.43585803이고, 경도는 126.2743892입니다."
배령연대,문화재,,제주특별자치도 제주시 한림읍 금능리 1603,33.38845501,126.2234075,"배령연대는 문화재입니다. 주소는 제주특별자치도 제주시 한림읍 금능리 1603이며, 위도는 33.38845501이고, 경도는 126.2234075입니다."
금능석물원,테마파크,제주특별자치도 제주시 한림읍 한림로 176,제주특별자치도 제주시 한림읍 금능리 1282-9,33.38485201,126.2268329,"금능석물원는 테마파크입니다. 주소는 제주특별자치도 제주시 한림읍 금능리 1282-9이며, 위도는 33.38485201이고, 경도는 126.2268329입니다."
금능포구,페리,,제주특별자치도 제주시 한림읍 금능리 1494-12,33.38965652,126.2281284,"금능포구는 페리입니다. 주소는 제주특별자치도 제주시 한림읍 금능리 1494-12이며, 위도는 33.38965652이고, 경도는 126.2281284입니다."
금능해수욕장,해수욕장,,제주특별자치도 제주시 한림읍 금능리 2036-2,33.39043486,126.2358922,"금능해수욕장는 해수욕장입니다. 주소는 제주특별자치도 제주시 한림읍 금능리 2036-2이며, 위도는 33.39043486이고, 경도는 126.2358922입니다."
탐나라공화국(제주남이섬),관람,제주특별자치도 제주시 한림읍 한창로 897 ,제주특별자치도 제주시 한림읍 금악리 81-8,33.33451741,126.3256942,"탐나라공화국(제주남이섬)는 관람입니다. 주소는 제주특별자치도 제주시 한림읍 금악리 81-8이며, 위도는 33.33451741이고, 경도는 126.3256942입니다."
금오름(왕매),오름,,제주특별자치도 제주시 한림읍 금악리 산1-1,33.35456304,126.3057906,"금오름(왕매)는 오름입니다. 주소는 제주특별자치도 제주시 한림읍 금악리 산1-1이며, 위도는 33.35456304이고, 경도는 126.3057906입니다."
성클라라수도원 금악성당,자연명소,제주특별자치도 제주시 한림읍 금악북로 320,제주특별자치도 제주시 한림읍 금악리 373,33.34852479,126.3192642,"성클라라수도원 금악성당는 자연명소입니다. 주소는 제주특별자치도 제주시 한림읍 금악리 373이며, 위도는 33.34852479이고, 경도는 126.3192642입니다."
성이시돌목장,자연목장,제주특별자치도 제주시 한림읍 산록남로 53,제주특별자치도 제주시 한림읍 금악리 116,33.345978,126.321611,"성이시돌목장는 자연목장입니다. 주소는 제주특별자치도 제주시 한림읍 금악리 116이며, 위도는 33.345978이고, 경도는 126.321611입니다."
명월팽나무군락,기념물,제주특별자치도 제주시 한림읍 명월로 71,제주특별자치도 제주시 한림읍 명월리 1767-1,33.38700045,126.2666354,"명월팽나무군락는 기념물입니다. 주소는 제주특별자치도 제주시 한림읍 명월리 1767-1이며, 위도는 33.38700045이고, 경도는 126.2666354입니다."
명월성지,문화유적지,,제주특별자치도 제주시 한림읍 명월리 2237-5,33.399402,126.2628605,"명월성지는 문화유적지입니다. 주소는 제주특별자치도 제주시 한림읍 명월리 2237-5이며, 위도는 33.399402이고, 경도는 126.2628605입니다."
프랑스샤르망,박물관,제주특별자치도 제주시 한림읍 명상로 37,제주특별자치도 제주시 한림읍 명월리 384,33.3746227,126.2810824,"프랑스샤르망는 박물관입니다. 주소는 제주특별자치도 제주시 한림읍 명월리 384이며, 위도는 33.3746227이고, 경도는 126.2810824입니다."
명월국민학교,카페,제주특별자치도 제주시 한림읍 명월로 48,제주특별자치도 제주시 한림읍 명월리 1734,33.38872329,126.2648664,"명월국민학교는 카페입니다. 주소는 제주특별자치도 제주시 한림읍 명월리 1734이며, 위도는 33.38872329이고, 경도는 126.2648664입니다."
비양도,섬,,제주특별자치도 제주시 한림읍 협재리 산 100-1,33.4094482,126.2269778,"비양도는 섬입니다. 주소는 제주특별자치도 제주시 한림읍 협재리 산 100-1이며, 위도는 33.4094482이고, 경도는 126.2269778입니다."
새시물,연못,,제주특별자치도 제주시 한림읍 상명리 2361,33.36141089,126.2700627,"새시물는 연못입니다. 주소는 제주특별자치도 제주시 한림읍 상명리 2361이며, 위도는 33.36141089이고, 경도는 126.2700627입니다."
느지리오름,오름,,제주특별자치도 제주시 한림읍 상명리 산 5,33.36655853,126.2615984,"느지리오름는 오름입니다. 주소는 제주특별자치도 제주시 한림읍 상명리 산 5이며, 위도는 33.36655853이고, 경도는 126.2615984입니다."
테우마을 수원리 농어촌체험마을,체험마을,제주특별자치도 제주시 한림읍 한림해안로 271,제주특별자치도 제주시 한림읍 수원리 724-2,33.4254602,126.2643903,"테우마을 수원리 농어촌체험마을는 체험마을입니다. 주소는 제주특별자치도 제주시 한림읍 수원리 724-2이며, 위도는 33.4254602이고, 경도는 126.2643903입니다."
대수포구,항구,,제주특별자치도 제주시 한림읍 수원리 724-5,33.42542122,126.2635197,"대수포구는 항구입니다. 주소는 제주특별자치도 제주시 한림읍 수원리 724-5이며, 위도는 33.42542122이고, 경도는 126.2635197입니다."
진아영 할머니 집터,기념관,제주특별자치도 제주시 한림읍 월령1길 22,제주특별자치도 제주시 한림읍 월령리 381,33.37596454,126.2146182,"진아영 할머니 집터는 기념관입니다. 주소는 제주특별자치도 제주시 한림읍 월령리 381이며, 위도는 33.37596454이고, 경도는 126.2146182입니다."
월령선인장자생지,천연기념물,제주특별자치도 제주시 한림읍 월령3길 27-4,제주특별자치도 제주시 한림읍 월령리 359-4,33.3778766,126.2154392,"월령선인장자생지는 천연기념물입니다. 주소는 제주특별자치도 제주시 한림읍 월령리 359-4이며, 위도는 33.3778766이고, 경도는 126.2154392입니다."
월령포구,페리,,제주특별자치도 제주시 한림읍 월령리 317-1,33.37857162,126.2162792,"월령포구는 페리입니다. 주소는 제주특별자치도 제주시 한림읍 월령리 317-1이며, 위도는 33.37857162이고, 경도는 126.2162792입니다."
제주도립김창열미술관,미술관,제주특별자치도 제주시 한림읍 용금로 883-5,제주특별자치도 제주시 한림읍 월림리 115-23,33.33906111,126.2686675,"제주도립김창열미술관는 미술관입니다. 주소는 제주특별자치도 제주시 한림읍 월림리 115-23이며, 위도는 33.33906111이고, 경도는 126.2686675입니다."
제주카트클럽,카트장,제주특별자치도 제주시 한림읍 중산간서로 3853,제주특별자치도 제주시 한림읍 월림리 341-2,33.34771558,126.2559996,"제주카트클럽는 카트장입니다. 주소는 제주특별자치도 제주시 한림읍 월림리 341-2이며, 위도는 33.34771558이고, 경도는 126.2559996입니다."
더마파크,테마파크,제주특별자치도 제주시 한림읍 월림7길 155,제주특별자치도 제주시 한림읍 월림리 산 8,33.35413655,126.2443234,"더마파크는 테마파크입니다. 주소는 제주특별자치도 제주시 한림읍 월림리 산 8이며, 위도는 33.35413655이고, 경도는 126.2443234입니다."
협재굴,동굴,,제주특별자치도 제주시 한림읍 협재리 2600,33.38700576,126.2401674,"협재굴는 동굴입니다. 주소는 제주특별자치도 제주시 한림읍 협재리 2600이며, 위도는 33.38700576이고, 경도는 126.2401674입니다."
쌍용굴,동굴,,제주특별자치도 제주시 한림읍 협재리 2600,33.38645108,126.2408708,"쌍용굴는 동굴입니다. 주소는 제주특별자치도 제주시 한림읍 협재리 2600이며, 위도는 33.38645108이고, 경도는 126.2408708입니다."
황금굴,동굴,,제주특별자치도 제주시 한림읍 협재리 2600,33.38675319,126.2416205,"황금굴는 동굴입니다. 주소는 제주특별자치도 제주시 한림읍 협재리 2600이며, 위도는 33.38675319이고, 경도는 126.2416205입니다."
한림공원,식물원,제주특별자치도 제주시 한림읍 한림로 300,제주특별자치도 제주시 한림읍 협재리 2487,33.38900322,126.2402387,"한림공원는 식물원입니다. 주소는 제주특별자치도 제주시 한림읍 협재리 2487이며, 위도는 33.38900322이고, 경도는 126.2402387입니다."
협재포구,포구,,제주특별자치도 제주시 한림읍 협재리 1458-2,33.39910072,126.2438806,"협재포구는 포구입니다. 주소는 제주특별자치도 제주시 한림읍 협재리 1458-2이며, 위도는 33.39910072이고, 경도는 126.2438806입니다."
협재해수욕장,해수욕장,,제주특별자치도 제주시 한림읍 협재리 2447,33.39379081,126.2391598,"협재해수욕장는 해수욕장입니다. 주소는 제주특별자치도 제주시 한림읍 협재리 2447이며, 위도는 33.39379081이고, 경도는 126.2391598입니다."
금능원담축제,축제,,제주특별자치도 제주시 한림읍 금능리 2036-2,33.39043486,126.2358922,"금능원담축제는 축제입니다. 주소는 제주특별자치도 제주시 한림읍 금능리 2036-2이며, 위도는 33.39043486이고, 경도는 126.2358922입니다."
힐하우스 스파,온천+스파,제주특별자치도 제주시 한림읍 한창로 925-122,제주특별자치도 제주시 한림읍 금악리 84-1,33.33596344,126.3123479,"힐하우스 스파는 온천+스파입니다. 주소는 제주특별자치도 제주시 한림읍 금악리 84-1이며, 위도는 33.33596344이고, 경도는 126.3123479입니다."
